,CID,standard_inchi_key,smiles
0,9845261,OSVMSQACZRYAPT-UHFFFAOYSA-N,"""COC1=CC=CC(=C1)CN2CCN(CC2)C3CCC(CC3)(C4=CC5=C(C=C4)OCO5)O"""
1,10130293,SCDKHPSUXHBJDJ-UHFFFAOYSA-N,"""C1CC2CCC1N2CC3=CN=CC=C3"""
2,44471685,WGIPGQAPFNVWIX-XXFZXMJFSA-N,"""COC1=CC=C(C=C1)C2=C(C(=NN2C3=CC=CC=C3I)C(=O)NN4CCCCC4)C#N"""
3,2554,FFGPTBGBLSHEPO-UHFFFAOYSA-N,"""C1=CC=C2C(=C1)C=CC3=CC=CC=C3N2C(=O)N"""
4,44469321,CKLPLPZSUQEDRT-WPCRTTGESA-N,"""CC1CC2=C(C3(N1)C4=C(C=CC(=C4)Cl)NC3=O)NC5=CC(=C(C=C25)F)Cl"""
5,44611748,YOCUJVXRRWEPDN-UHFFFAOYSA-N,"""C1CCN(CC1)CCCCNC(=O)NC2=CN=C(C=C2)C3=CC=CC=C3F"""
6,44240743,LMGUUVWYFJIKCD-UHFFFAOYSA-N,"""C1CCN(CC1)CCCCNC(=O)NC2=CN=C(C=C2)C3=CC=C(C=C3)F"""
7,44611875,DFBQTBNRGSIKHN-UHFFFAOYSA-N,"""C1CCN(CC1)CCCCNC(=O)NC2=CN=C(C=C2)C3=CN=C(C=C3)F"""
8,46831060,MMXFWZCBTFHARB-UHFFFAOYSA-N,"""C1CCN(CC1)CCCCNC(=O)NC2=CC=C(C=C2)C3=CC=CC=N3"""
9,44611609,FWCCJDYYJWWQOS-UHFFFAOYSA-N,"""C1CCN(CC1)CCCCNC(=O)NC2=CN=C(C=C2)C3=CC=CC=C3"""
10,44611611,HCBWAWNFHVHMOV-UHFFFAOYSA-N,"""COC1=CC=CC=C1C2=NC=C(C=C2)NC(=O)NCCCCN3CCCCC3"""
11,46831058,FTPAKCBSUUBRFU-UHFFFAOYSA-N,"""C1CCN(CC1)CCCCNC(=O)NC2=CC=C(C=C2)C3=CC=C(C=C3)F"""
12,46831059,UPVXJFQSDLKQRB-UHFFFAOYSA-N,"""C1CCN(CC1)CCCCNC(=O)NC2=CC=C(C=C2)C3=CN=C(C=C3)F"""
13,46831057,OXIAXPOOKVTTDN-UHFFFAOYSA-N,"""C1CCN(CC1)CCCCNC(=O)NC2=CC=C(C=C2)C3=CC=CC=C3F"""
14,46831055,MUIUUGJVKFYPIF-UHFFFAOYSA-N,"""C1CCN(CC1)CCCCNC(=O)NC2=CC=C(C=C2)C3=CC=CC=C3"""
15,46831056,HSWHSJUFDDMBTI-UHFFFAOYSA-N,"""COC1=CC=CC=C1C2=CC=C(C=C2)NC(=O)NCCCCN3CCCCC3"""
16,46831061,SLMFOVKWAUVQPC-UHFFFAOYSA-N,"""C1CCN(CC1)CCCCNC(=O)NC2=CN=C(C=C2)C3=CC=CC=N3"""
17,46222048,PQPVHIHIJVIEQG-UHFFFAOYSA-N,"""CC(C)(C)C1=CC=C(C=C1)SCCC2=CN=CN2"""
18,3696,BCGWQEUPMDMJNV-UHFFFAOYSA-N,"""CN(C)CCCN1C2=CC=CC=C2CCC3=CC=CC=C31"""
19,2099,JSWZEAMFRNKZNL-UHFFFAOYSA-N,"""CC1=C(N=CN1)CN2CCC3=C(C2=O)C4=CC=CC=C4N3C"""
20,60795,CEUORZQYGODEFX-UHFFFAOYSA-N,"""C1CC(=O)NC2=C1C=CC(=C2)OCCCCN3CCN(CC3)C4=C(C(=CC=C4)Cl)Cl"""
21,133038,QHLGXPUIUKSADT-UHFFFAOYSA-N,"""CC(CF)NCC(COC1=CC=CC2=C1C3=CC=CC=C3N2)O"""
22,5610,DZGWFCGJZKJUFP-UHFFFAOYSA-N,"""C1=CC(=CC=C1CCN)O"""
23,46906000,HFOUMBDMIJJHCK-UHFFFAOYSA-N,"""CN(CCNC(=O)C1=CC(=C(C=C1OC)N)Cl)CC2CCCCC2(C3=CC(=CC=C3)O)O"""
24,11724799,CEOCEXSTLLSYBV-UHFFFAOYSA-N,"""C1CN2CCC1NC(=O)C3=CC(=C(C=C3OCCOCC2)N)Cl"""
25,16019580,GCWNAFLHJNJVCV-UHFFFAOYSA-N,"""CN(CC1=CC=CC=C1)C2=NC3=C(N=NN3C4=C2SC=C4)S(=O)(=O)C5=CC=CC=C5"""
26,10449470,DICVBGGIAAPPNV-ZSUDRMHPSA-N,"""CN1C(=CC2=CNC3=C2C=C(C=C3)Br)C(=O)N(C1=N)C"""
27,25701,XVOYSCVBGLVSOL-UHFFFAOYSA-N,"""C(C(C(=O)O)N)S(=O)(=O)O"""
28,3052762,ZPMNHBXQOOVQJL-UHFFFAOYSA-N,"""COCCCN1CCC(CC1)NC(=O)C2=CC(=C(C3=C2OCC3)N)Cl"""
29,16019292,AFEOLFPUJYURJM-UHFFFAOYSA-N,"""CN(CC1=CC=CC=C1)C2=NC3=C(N=NN3C4=C2SC=C4)S(=O)(=O)C5=CC(=CC=C5)Cl"""
30,5778,UIJIQXGRFSPYQW-UHFFFAOYSA-N,"""CSC1=NC=NC2=C1NC=N2"""
31,36381,YSEXVIPNIGQQMN-UHFFFAOYSA-N,"""C1C2C3C4C1C5C2C6C3C4C5(N6CC7=CC=CC=C7)O"""
32,6337614,CPZBLNMUGSZIPR-NVXWUHKLSA-N,"""C1CC2CN(C(=O)C3=CC=CC(=C23)C1)C4CN5CCC4CC5"""
33,10385855,DWSOZYFSYVOVOC-UHFFFAOYSA-N,"""CC1=CC=CC=C1N2CCN(CC2)C(=O)COC3=CC4=C(C=C3)NC=C4CCN"""
34,52941718,GQQHPWHBHFNFFC-UHFFFAOYSA-N,"""CCS(=O)(=O)NC1=CC(=CC=C1)N2CCN(CC2)CCCCN3C(=O)C4CCCN4C3=O.Cl"""
35,42594133,LMMXCOUUSOBOAF-UHFFFAOYSA-N,"""C1CN(CCC1CNC(=O)C2=CN(N=N2)CC3=CC(=CC=C3)Cl)CC4=CC=CC=C4"""
36,44469677,CQUWKHKELQQYRI-KGENOOAVSA-N,"""CC(=NOC(=O)NC1=CC=CC=C1)C2=CC=CC(=C2)C3=CC=CS3"""
37,49863118,RPQHJWKLRRXKIS-UHFFFAOYSA-N,"""C1CCC(CC1)C2=NN(C(=O)C(=C2)CC3=CC=CO3)CC(=O)NC4CC5=CC=CC=C5C4"""
38,7446712,AJTVQZWUKUPHIP-UHFFFAOYSA-N,"""CC1=CC(=C(C=C1)NC(=O)C2=CC(=C(S2)N3CCOCC3)C4=CC=CC=C4)C"""
39,46933845,WPNGDOZEXVRNMZ-UHFFFAOYSA-N,"""C1CCC(CC1)NC(=O)N2C3C(CO2)CSC4=C3C=C(C=C4)F"""
40,46869265,FKYWSGYMKJUZEP-ZOBUZTSGSA-N,"""C1CNCC2C1C(CC3=C2C=CC(=C3O)O)C4=CC=CC=C4"""
41,10656971,HNDAZSYDBSRFST-UHFFFAOYSA-N,"""CN1CCN(CC1)C2=NC3=CC=CC=C3N=C2"""
42,42601552,LLGDPTDZOVKFDU-XUHJSTDZSA-N,"""CC(C)C(=O)NC1=NC(=CS1)C2=NC3=C(C=CC(=C3Br)OC)C(=C2)OC4CC(N(C4)C(=O)C(C(C)(C)C)NC(=O)OC5CCCC5)C(=O)NC6(CC6C=C)C(=O)O"""
43,44207909,FLGSUSWMWSZVMP-UHFFFAOYSA-N,"""C1CN(CCC1NC(=O)CC2=CC=CC=C2)CCCN3C(=O)COC4=CC=CC=C43"""
44,9948320,ANTKBACNWQHQJE-UHFFFAOYSA-N,"""CCCCC1CCN(CC1)CCCC(=O)C2=CC=CC=C2C"""
45,25147644,OXKRFEWMSWPKKV-GHTZIAJQSA-N,"""C1CN2CCC1C(C2CC3=CN=CC=C3)NC(=O)C4=CC5=CC=CC=C5O4"""
46,49783209,WKWADEWWLCVVLF-UHFFFAOYSA-N,"""CCCCN1CCC(CC1)COC(=O)C2=CC(=C(C3=C2OCCO3)NC)Cl"""
47,49783415,DZZIAERGLDKTBT-UHFFFAOYSA-N,"""CCCCN1CCC(CC1)COC(=O)C2=CC(=C(C=C2)N)OC"""
48,46945444,IUEKKZWRWOFGRT-UHFFFAOYSA-N,"""CCN(CC)C(=O)CC1=C2N=C(C=C(N2N=C1C3=CC=C(C=C3)OCC)C)C"""
49,49783419,WLHFUBIRAHRPHA-UHFFFAOYSA-N,"""CCCCN1CCC(CC1)COC(=O)C2=CC(=C(C3=C2OCCO3)N)F"""
50,46945447,VHENJOBTWCOIPN-UHFFFAOYSA-N,"""CCN(CC)C(=O)CC1=C2N=C(C=C(N2N=C1C3=CC=C(C=C3)OCC#C)C)C"""
51,46930827,XILQKEHRYUALQZ-UHFFFAOYSA-N,"""CCOC(=O)C1=CN=CN1C(C)C2=CC=C(C=C2)C3(N=N3)C(F)(F)F"""
52,46930919,XILQKEHRYUALQZ-SNVBAGLBSA-N,"""CCOC(=O)C1=CN=CN1C(C)C2=CC=C(C=C2)C3(N=N3)C(F)(F)F"""
53,46930920,XILQKEHRYUALQZ-JTQLQIEISA-N,"""CCOC(=O)C1=CN=CN1C(C)C2=CC=C(C=C2)C3(N=N3)C(F)(F)F"""
54,52943305,ORJWZBKFHYBQDC-OAHLLOKOSA-N,"""C1CN2CCC1C(C2)NC(=O)C3=C4C(=CC=C3)OC(=N4)N5CCOCC5"""
55,52947945,ABIDZKZAFOTHFB-GRDNDAEWSA-N,"""CC1COCC(N1C2=NC3=C(C=CC=C3O2)C(=O)NC4CN5CCC4CC5)C"""
56,16727124,QZEXFNKCPOFGAE-QGZVFWFLSA-N,"""COC1=CC=CC=C1C2=NC3=C(C=CC=C3O2)C(=O)NC4CN5CCC4CC5"""
57,24178536,OUENCNZMGZDHGX-CQSZACIVSA-N,"""C1CC1C2=NC3=C(C=CC=C3O2)C(=O)NC4CN5CCC4CC5"""
58,52949185,IMXFSNJHDBFECE-CYBMUJFWSA-N,"""CCNC1=NC2=C(C=CC=C2O1)C(=O)NC3CN4CCC3CC4"""
59,52949186,ZCUBEQCDRQOEAQ-OAHLLOKOSA-N,"""CCN(CC)C1=NC2=C(C=CC=C2O1)C(=O)NC3CN4CCC3CC4"""
60,52941871,PBZNWDCSSPCDNF-OAHLLOKOSA-N,"""CC(C)N(C)C1=NC2=C(C=CC=C2O1)C(=O)NC3CN4CCC3CC4"""
61,52946744,AJOIVAKMJVSBOV-CYBMUJFWSA-N,"""CN(C)C1=NC2=C(C=CC=C2O1)C(=O)NC3CN4CCC3CC4"""
62,52940690,UYMMSSRZDUEJKE-GFCCVEGCSA-N,"""CNC1=NC2=C(C=CC=C2O1)C(=O)NC3CN4CCC3CC4"""
63,52945520,MNODGVITNFISIZ-LLVKDONJSA-N,"""C1CN2CCC1C(C2)NC(=O)C3=C4C(=CC=C3)OC(=N4)N"""
64,52949210,IATGNHOMUXVGCQ-LLVKDONJSA-N,"""C1CN2CCC1C(C2)NC(=O)C3=C4C(=CC(=C3)Cl)OC(=N4)N"""
65,11190823,VWVPNALHKWLANG-UHFFFAOYSA-N,"""CC1=C(SC2=C1C(=O)N(C(=N2)SCCCN3CCN(CC3)C4=NC5=CC=CC=C5C=C4)N)C"""
66,23155689,MYBMSIDXODXJBU-UHFFFAOYSA-N,"""CC1=CC(=NC2=CC=CC=C12)N3CCN(CC3)CCCSC4=NC5=C(C(=C(S5)C)C)C(=O)N4N"""
67,23155834,SMZVQCAMELNWOP-UHFFFAOYSA-N,"""C1CC2=C(C1)N=C(N(C2=O)N)CCCCN3CCN(CC3)C4=NC5=CC=CC=C5C=C4"""
68,11328306,LQAYFYWMQKQPPJ-UHFFFAOYSA-N,"""C1CCC2=C(CC1)N=C(N(C2=O)N)CCCCN3CCN(CC3)C4=NC5=CC=CC=C5C=C4"""
69,23155935,YURHTDCTHANLFV-UHFFFAOYSA-N,"""CC1=C(SC2=C1C(=O)N(C(=N2)SCCCN3CCN(CC3)C4=NC5=C(CCCC5)C=C4)N)C"""
70,23155946,YZHWETPHARDZQM-UHFFFAOYSA-N,"""CC1=C(SC2=C1C(=O)N(C(=N2)SCCCN3CCN(CC3)C4=NC5=CC=CC=C5S4)N)C"""
71,11339853,ZNOMCTSKVJJIMN-UHFFFAOYSA-N,"""C1CC2=C(CC1O)C(=O)N(C(=N2)CCCCN3CCN(CC3)C4=NC5=CC=CC=C5C=C4)N"""
72,49837652,MLNBDGCWHJVZAI-UHFFFAOYSA-N,"""CC(=O)N1CCC2=C(C1)SC3=C2C(=O)N(C(=N3)CCCCN4CCN(CC4)C5=NC6=CC=CC=C6C=C5)N"""
73,23155950,MPEGWVZSANJAMN-UHFFFAOYSA-N,"""CC1=C(SC2=C1C(=O)N(C(=N2)SCCCN3CCN(CC3)C4=NC5=CC=CC=C5N=C4C6=CC=CC=C6)N)C"""
74,23155990,OHXKHPFEXVDLQZ-UHFFFAOYSA-N,"""C1CCC2=C(C1)C(=O)N=C(N2)CCCCN3CCN(CC3)C4=NC5=CC=CC=C5C=C4"""
75,23155650,QZHACJCMCCGZRU-UHFFFAOYSA-N,"""CC1=CC(=NC2=CC=CC=C12)N3CCN(CC3)CCCCC4=NC5=C(CCCC5)C(=O)N4N"""
76,23155644,IQKPITCNSNNYNB-UHFFFAOYSA-N,"""CC1=C(SC2=C1C(=O)N(C(=N2)SCCCN3CCN(CC3)C4=NC5=CC=CC=C5C6=CC=CC=C64)N)C"""
77,11752512,JIWMRJSKGUAANW-UHFFFAOYSA-N,"""C1CCC2=C(C1)C3=C(S2)N=C(N(C3=O)N)SCCCN4CCN(CC4)C5=NC6=CC=CC=C6C=C5"""
78,23155963,LZVLTVPNYIRFTB-UHFFFAOYSA-N,"""CC1=CC2=CC=CC=C2N=C1N3CCN(CC3)CCCCC4=NC5=C(CCCC5)C(=O)N4N"""
79,23155840,ZRMKLDGEAIPBEE-UHFFFAOYSA-N,"""CC1=C(C(=NC2=CC=CC=C12)N3CCN(CC3)CCCCC4=NC5=C(CCCC5)C(=O)N4N)C"""
80,23155980,DWCWRMNZCYONIV-UHFFFAOYSA-N,"""CC1=C(SC2=C1C(=O)NC(=N2)SCCCN3CCN(CC3)C4=NC5=CC=CC=C5C=C4)C"""
81,23155976,LLZLRXCVMYYKBH-UHFFFAOYSA-N,"""C1CCC2=C(C1)C3=C(S2)N=C(NC3=O)SCCCN4CCN(CC4)C5=NC6=CC=CC=C6C=C5"""
82,23155621,VTHVGLORMDHGGF-UHFFFAOYSA-N,"""C1CCC2=C(C1)C(=O)N(C(=N2)CCCCN3CCN(CC3)C4=NC5=CC=CC=C5C6=C4CCC6)N"""
83,23155885,WOXCQSXEHWXACS-UHFFFAOYSA-N,"""C1CCC2=C(C1)C3=CC=CC=C3N=C2N4CCN(CC4)CCCCC5=NC6=C(CCCC6)C(=O)N5N"""
84,23155860,HLMKBCUKQMBYDR-UHFFFAOYSA-N,"""C1CN(CCN1CCCSC2=NC3=CC=CC=C3C(=O)N2N)C4=NC5=CC=CC=C5C=C4"""
85,23155625,OJNSMLDRVFFVJN-UHFFFAOYSA-N,"""C1CCC2=C(C1)C(=O)N(C(=N2)SCCCN3CCN(CC3)C4=NC5=CC=CC=C5C=C4)N"""
86,49837758,DQFJTXJCMDYWKL-UHFFFAOYSA-N,"""C1CCC2=C(C1)C(=O)N(C(=N2)CCCCN3CCN(CC3)C4=NC5=CC=CC=C5C=C4O)N"""
87,49836152,QCJPMOOSRAYGGE-UHFFFAOYSA-N,"""C1CCC2=C(C1)C(=O)N(C(=N2)CCCCN3CCN(CC3)C4=NC5=C(C=C4)C=C(C=C5)O)N"""
88,23155818,WCGCGRZZPCFDSO-UHFFFAOYSA-N,"""C1CN(CCN1CCCSC2=NC3=C(C=CC(=C3)[N+](=O)[O-])C(=O)N2N)C4=NC5=CC=CC=C5C=C4"""
89,23155951,SPBSBKPLXWUEGQ-UHFFFAOYSA-N,"""C1CN(CCN1CCCSC2=NC3=C(C(=O)N2N)N=CC=C3)C4=NC5=CC=CC=C5C=C4"""
90,136002690,UGLUCZYCHYWOCD-UHFFFAOYSA-N,"""C1CCC2=C(C1)C(=O)N(C(=N2)CCCCN3CCN(CC3)C4=NC5=C(C=CC(=C5)O)C=C4)N"""
91,49836154,HGUUKRWUSHWXTH-UHFFFAOYSA-N,"""C1CCC2=C(C1)C(=O)N(C(=N2)CN3CCN(CC3)C4=NC5=CC=CC=C5C=C4)N"""
92,23155948,YHOYHBANAWEKNE-UHFFFAOYSA-N,"""C1CN(CCN1CCCSC2=NC3=C(C=CC=N3)C(=O)N2N)C4=NC5=CC=CC=C5C=C4"""
93,11329644,MDDLXKDIADSAQA-UHFFFAOYSA-N,"""C1CNCC2=C1C3=C(S2)N=C(N(C3=O)N)SCCCN4CCN(CC4)C5=NC6=CC=CC=C6C=C5"""
94,23155906,XYQXSKXZFRFXOW-UHFFFAOYSA-N,"""C1CCC2=C(C1)C(=O)N(C(=N2)CCN3CCN(CC3)C4=NC5=CC=CC=C5C=C4)N"""
95,23155869,WCNGVFDLZVYEJL-UHFFFAOYSA-N,"""C1CCC2=C(C1)C(=O)N(C(=N2)CCCN3CCN(CC3)C4=NC5=CC=CC=C5C=C4)N"""
96,49837354,OMACXBJTMXFHCQ-UHFFFAOYSA-N,"""CC(=O)N1CCC2=C(C1)SC3=C2C(=O)N(C(=N3)SCCCN4CCN(CC4)C5=NC6=CC=CC=C6C=C5)N"""
97,11213399,FEPROLQKWGDFKU-UHFFFAOYSA-N,"""CC1=C(SC2=C1C(=O)N(C(=N2)CCCCN3CCN(CC3)C4=NC5=CC=CC=C5C=C4)N)C"""
98,23155676,OPVPOKBFTBDGTR-UHFFFAOYSA-N,"""C1CCC2=C(C1)C(=O)N(C(=N2)CCCCCN3CCN(CC3)C4=NC5=CC=CC=C5C=C4)N"""
99,11464531,GTIKAAJNYPWELX-UHFFFAOYSA-N,"""C1CN(CCN1CCCCC2=NC3=CC=CC=C3C(=O)N2N)C4=NC5=CC=CC=C5C=C4"""
100,49837461,UFZPJSNEEQOZFZ-UHFFFAOYSA-N,"""C1CN(CCN1CCCCC2=NC3=C(C(=CC=C3)F)C(=O)N2N)C4=NC5=CC=CC=C5C=C4"""
101,11305391,CFOHOEGJDCNBCR-UHFFFAOYSA-N,"""C1CN(CCN1CCCCC2=NC3=C(C=C(C=C3)F)C(=O)N2N)C4=NC5=CC=CC=C5C=C4"""
102,23155688,PWVBQEUMVVPFJT-UHFFFAOYSA-N,"""C1CN(CCN1CCCCC2=NC3=C(C=CC(=C3)F)C(=O)N2N)C4=NC5=CC=CC=C5C=C4"""
103,11178730,ASIIZNZQUBPOJQ-UHFFFAOYSA-N,"""C1CN(CCN1CCCCC2=NC3=C(C(=CC=C3)Cl)C(=O)N2N)C4=NC5=CC=CC=C5C=C4"""
104,23155955,TZSHYDBBXRRBCE-UHFFFAOYSA-N,"""C1CN(CCN1CCCCC2=NC3=C(C=C(C=C3)Cl)C(=O)N2N)C4=NC5=CC=CC=C5C=C4"""
105,23155825,PYCJRTFNOGPLEL-UHFFFAOYSA-N,"""C1CN(CCN1CCCCC2=NC3=C(C=CC(=C3)Cl)C(=O)N2N)C4=NC5=CC=CC=C5C=C4"""
106,23155758,XVBPOYYIPRSULQ-UHFFFAOYSA-N,"""C1CN(CCN1CCCCC2=NC3=C(C=CC=C3Cl)C(=O)N2N)C4=NC5=CC=CC=C5C=C4"""
107,23155900,RSUQRWJJGYXXCP-UHFFFAOYSA-N,"""CC1=C2C(=CC=C1)N=C(N(C2=O)N)CCCCN3CCN(CC3)C4=NC5=CC=CC=C5C=C4"""
108,11374124,GSEARIWHWZTSPV-UHFFFAOYSA-N,"""CC1=CC2=C(C=C1)N=C(N(C2=O)N)CCCCN3CCN(CC3)C4=NC5=CC=CC=C5C=C4"""
109,23155667,BSCUUFDNCBQNPG-UHFFFAOYSA-N,"""CC1=C2C(=CC=C1)C(=O)N(C(=N2)CCCCN3CCN(CC3)C4=NC5=CC=CC=C5C=C4)N"""
110,11430418,WFQOETMVYMINSA-UHFFFAOYSA-N,"""C1CCC2=C(C1)C(=O)N(C(=N2)CCCCN3CCN(CC3)C4=NC5=CC=CC=C5C=C4)N"""
111,23155620,HOABLJVFGVOCMM-UHFFFAOYSA-N,"""CC1=C(SC2=C1C(=O)N(C(=N2)SCCCN3CCN(CC3)C4=CC=CC=N4)N)C"""
112,11476372,GERBCOZLRREKHD-UHFFFAOYSA-N,"""CC1CCC2=C(C1)C(=O)N(C(=N2)CCCCN3CCN(CC3)C4=NC5=CC=CC=C5C=C4)N"""
113,23155770,FCQFXDREOPQEAF-UHFFFAOYSA-N,"""CC1CCC2=C(C1)N=C(N(C2=O)N)CCCCN3CCN(CC3)C4=NC5=CC=CC=C5C=C4"""
114,5358,KQKPFRSPSRPDEB-UHFFFAOYSA-N,"""CNS(=O)(=O)CC1=CC2=C(C=C1)NC=C2CCN(C)C"""
115,49832807,KKLZGWQBNXJWGZ-UHFFFAOYSA-N,"""C1CN(CC(C2=C1C=C(C=C2)O)O)CCCCC3=CC=CC=C3"""
116,10331436,VVHJUSGIUWQPIT-VIFPVBQESA-N,"""CC(CC1=CNC2=C1C3=C(C=C2)OCCC3)N"""
117,216239,MLDQJTXFUGDVEO-UHFFFAOYSA-N,"""CNC(=O)C1=NC=CC(=C1)OC2=CC=C(C=C2)NC(=O)NC3=CC(=C(C=C3)Cl)C(F)(F)F"""
118,9856041,VVHJUSGIUWQPIT-UHFFFAOYSA-N,"""CC(CC1=CNC2=C1C3=C(C=C2)OCCC3)N"""
119,671690,MNJNPLVXBISNSX-PBWFPOADSA-N,"""CN1C2CCC1CC(C2)OC(=O)C3=CC(=CC(=C3)Cl)Cl"""
120,10374840,DWLMIHRZURMFAQ-UHFFFAOYSA-N,"""C1=CC(=CC(=C1)Cl)N=C(N)N"""
121,720937,BGMSTNYJYPSLHN-UHFFFAOYSA-N,"""C1=CC=C2C(=C1)C=CC=C2CSC3=NC=NC4=C3NC=N4"""
122,10915140,IJKYJDDNDXAREJ-UHFFFAOYSA-N,"""COC1CC2=CC=CC=C2C3(O1)CCN(CC3)CCCC4=CC=CC=C4"""
123,10357986,RZZAEVQHACUOGI-UHFFFAOYSA-N,"""COC1C2=CC=CC=C2C3(O1)CCN(CC3)CC4=CC=CC=C4"""
124,10019102,POOPPNNSPMKABZ-UHFFFAOYSA-N,"""COC1CC2=CC=CC=C2C3(O1)CCN(CC3)CC4=CC=CC=C4"""
125,710987,GEIHZHQRXYKYAE-UHFFFAOYSA-N,"""C1=CC=C(C=C1)CSC2=NC=NC3=C2C=CS3"""
126,9906933,JKCPJPRSHXMMGA-UHFFFAOYSA-N,"""CC(C)N1C=NC2=C(C=C(C=C21)Cl)C(=O)NC3CC4CCC(C3)N4C"""
127,71360,XMXHEBAFVSFQEX-UHFFFAOYSA-N,"""CC(=O)C1=CC(=C(C=C1)OCCCN2CCC(CC2)C3=NOC4=C3C=CC(=C4)F)OC"""
128,663391,XJIAFXBLMMIRJR-UHFFFAOYSA-N,"""C1=CC=C(C(=C1)CSC2=NC=NC3=C2OC4=CC=CC=C43)F"""
129,44362829,OGXMGJGFLBSEJW-OAHLLOKOSA-N,"""CC(C)N1C=NC2=C(C=C(C=C21)Cl)C(=O)NC3CN4CCC3CC4"""
130,6604794,OGXMGJGFLBSEJW-HNNXBMFYSA-N,"""CC(C)N1C=NC2=C(C=C(C=C21)Cl)C(=O)NC3CN4CCC3CC4"""
131,11385,GHCKERHPOQWERJ-UHFFFAOYSA-N,"""C1=CC=C2C(=C1)C=C3C=CC(=CC3=N2)N"""
132,67786,YFCWBKBNFCDPDF-UHFFFAOYSA-N,"""C1CCN(C1)CC2=CN=CC=C2"""
133,11004759,IBPWGZKZWJYGLA-UHFFFAOYSA-N,"""C1CCN(CC1)CCCOC2=CC=C(C=C2)CCNC3=C4CCCCC4=NC5=CC=CC=C53"""
134,75896,PDNJLMZEGXHSCU-VKHMYHEASA-N,"""C(CS(=O)O)C(C(=O)O)N"""
135,1069463,RVXFERDBNJSQDX-UHFFFAOYSA-N,"""CN(C)C1=C2C3=C(C(=NC=N3)SCC4=CC=C(C=C4)Cl)SC2=NC=C1"""
136,9904281,VBKOTIVQMCTTAQ-UHFFFAOYSA-N,"""C1C2=C(C=CC(=C2Cl)Cl)NC(=N1)N"""
137,703907,WHCWGLIMIAJMOY-UHFFFAOYSA-N,"""C1CCC2=C(C1)C3=C(S2)N=CN=C3SCC4=CC=CC=C4F"""
138,5281751,YXBUQQDFTYOHQI-UHFFFAOYSA-N,"""CC1=CC(=C2C3=C4C5=C(C(=CC(=C5C2=O)O)O)C6=C7C4=C8C(=C13)C(=CC(=C8C(=O)C7=C(C=C6O)O)O)CO)O"""
139,2227334,UMWDYBZXNCMBRO-UHFFFAOYSA-N,"""CC1=CC2=C(N=CN=C2S1)NCC3=CC=CC=C3"""
140,50898777,RNXYMZNGMNWKMC-UHFFFAOYSA-N,"""COC(=O)CCCCCN1CCC(CC1)CNC(=O)C2=C3N(CCCO3)C4=CC=CC=C42"""
141,50898778,ODMLUIATXKBXOW-UHFFFAOYSA-N,"""C1CN2C3=CC=CC=C3C(=C2OC1)C(=O)NCC4CCN(CC4)CCCCCC(=O)O"""
142,53320538,AGVRILRKGQDLBR-GOSISDBHSA-N,"""CC(C)CN1C2=CC=CC3=C2C(=N1)CN(C3=O)C4CN5CCC4CC5"""
143,154104,AFUWQWYPPZFWCO-LBPRGKRZSA-N,"""C1CN2CCC1C(C2)NC(=O)C3=CNC4=C(C3=O)SC=C4"""
144,50942419,PPGYKWQFGNLYIY-AWEZNQCLSA-N,"""C1CN2CCC1C(C2)N3CC4=C5C(=NN4)C=CC=C5C3=O"""
145,53323198,PPGYKWQFGNLYIY-CQSZACIVSA-N,"""C1CN2CCC1C(C2)N3CC4=C5C(=NN4)C=CC=C5C3=O"""
146,53317926,FDKJLUOOFWBTDY-HNNXBMFYSA-N,"""CN1C2=CC=CC3=C2C(=N1)CN(C3=O)C4CN5CCC4CC5"""
147,53324551,FDKJLUOOFWBTDY-OAHLLOKOSA-N,"""CN1C2=CC=CC3=C2C(=N1)CN(C3=O)C4CN5CCC4CC5"""
148,53320568,ZCOOWPLAEBRGOA-HNNXBMFYSA-N,"""CN1C2=CC(=CC3=C2C(=N1)CN(C3=O)C4CN5CCC4CC5)F"""
149,53317927,JOEZRUWANPRMKY-INIZCTEOSA-N,"""CCN1C2=CC=CC3=C2C(=N1)CN(C3=O)C4CN5CCC4CC5"""
150,53321867,JOEZRUWANPRMKY-MRXNPFEDSA-N,"""CCN1C2=CC=CC3=C2C(=N1)CN(C3=O)C4CN5CCC4CC5"""
151,53317928,CKWOZHIVNRGMQI-KRWDZBQOSA-N,"""CC(C)N1C2=CC=CC3=C2C(=N1)CN(C3=O)C4CN5CCC4CC5"""
152,53324552,CKWOZHIVNRGMQI-QGZVFWFLSA-N,"""CC(C)N1C2=CC=CC3=C2C(=N1)CN(C3=O)C4CN5CCC4CC5"""
153,53325860,QOGFHRRNPRRNAI-NRFANRHFSA-N,"""C1CN2CCC1C(C2)N3CC4=NN(C5=CC=CC(=C45)C3=O)CC6=CC=CC=C6"""
154,53321868,JCMOIELRWILJKV-FQEVSTJZSA-N,"""C1CN2CCC1C(C2)N3CC4=NN(C5=CC=CC(=C45)C3=O)C6=CC=C(C=C6)F"""
155,53317929,JCMOIELRWILJKV-HXUWFJFHSA-N,"""C1CN2CCC1C(C2)N3CC4=NN(C5=CC=CC(=C45)C3=O)C6=CC=C(C=C6)F"""
156,53323199,RZKMGDNFMYZIER-INIZCTEOSA-N,"""CN1C=C2CN(C(=O)C3=C2C1=CC=C3)C4CN5CCC4CC5"""
157,53316626,RZKMGDNFMYZIER-MRXNPFEDSA-N,"""CN1C=C2CN(C(=O)C3=C2C1=CC=C3)C4CN5CCC4CC5"""
158,108000,NTHPAPBPFQJABD-LLVKDONJSA-N,"""CN1C=C(C2=CC=CC=C21)C(=O)C3CCC4=C(C3)NC=N4"""
159,53320569,JDFBBZLNLYXHDC-CAUKCHDASA-N,"""C1C2C3CC4C2C5C1C3C(C45)NCC6=CC(=CC=C6)F"""
160,53324553,FZIIBLBHXXRTMG-RAOGCBAWSA-N,"""C1C2C3CC4C2C5C1C3C(C45)NCCC6=CC(=CC=C6)F"""
161,53321869,GACBJAOXQGFNDL-RAOGCBAWSA-N,"""CN(CC1=CC(=CC=C1)F)C2C3C4CC5C2C6C3CC4C56"""
162,53325861,LGZPNSXZRKGUES-DKSPCFMDSA-N,"""CN(CCC1=CC(=CC=C1)F)C2C3C4CC5C2C6C3CC4C56"""
163,136020617,ZVWPMYHMXUXIMC-IONNQARKSA-N,"""CC1C(N=C(S1)C2=CC=CC=C2O)CO"""
164,46182745,DWTYHCYVKJONSP-UHFFFAOYSA-N,"""C1CCC(C1)N2CC3=C(C2=O)C=CC(=C3)OCC4=CC(=CC=C4)C5=CC(=C(C=C5)Cl)C(=O)O"""
165,46182736,ZQBPXBADOJMCRU-UHFFFAOYSA-N,"""C1CCC(C1)N2C(=O)C3=C(S2)C=C(C=C3)OCC4=CC(=CC=C4)C5=CC(=C(C=C5)Cl)C(=O)O"""
166,44516817,YPVOSIDECMYMTD-UHFFFAOYSA-N,"""CC1=CC(=NC2=C(C(=NN12)NC)S(=O)(=O)C3=CC=CC=C3)C"""
167,25175634,KLFVWQCQUXXLOU-UHFFFAOYSA-N,"""CCOC1=CC=CC(=C1)NC(=O)C2=CC(=C(C=C2)N3CCCC3)C(F)(F)F"""
168,51050257,LVXAMCKZCLWWTF-UHFFFAOYSA-N,"""C1=C(C=C(C=C1C#N)F)C#CC2=CSC(=N2)F"""
169,109,ADVPTQAUNPRNPO-UHFFFAOYSA-N,"""C(C(C(=O)O)N)S(=O)O"""
170,44623946,YVPGZQLRPAGKLA-UHFFFAOYSA-N,"""CC1=C(C=CC(=C1)C(=O)N)N2C(=CC=C2C3=CC=C(C=C3)N4C=CN=C4)CCC(=O)O"""
171,3019427,OMLDMGPCWMBPAN-UHFFFAOYSA-N,"""COC1CNCCC1NC(=O)C2=CC(=C(C=C2OC)N)Cl"""
172,72287,VRQVVMDWGGWHTJ-CQSZACIVSA-N,"""CC(CN1C2=CC=CC=C2SC3=C1C=C(C=C3)OC)CN(C)C"""
173,52951481,ZVRXOXFSMYJETP-UHFFFAOYSA-N,"""CC1=C(N(N=C1C(=O)NC2(CCOCC2)C#N)C3=CC=CC=C3Br)C4=CC=C(C=C4)OC"""
174,52951482,VCKIDQVWSDVZCZ-UHFFFAOYSA-N,"""CC1=C(N(N=C1C(=O)NC2(CCCCC2)C#N)C3=CC=CC=C3Br)C4=CC=C(C=C4)OC"""
175,25070582,CZWQBSKNHUVZLI-UHFFFAOYSA-N,"""C1CNCCC2=NC(=NC=C21)CC3=CC=CC=C3"""
176,14712103,GVOCXQUIZNWEMU-UHFFFAOYSA-N,"""C1=CC=C(C=C1)CNCCC2=CN=CN2"""
177,53248361,YTOGOMGUCNEXIR-UHFFFAOYSA-N,"""COC1=CC=CC=C1N2CCN(CC2)CCN(C3=CC=CC=N3)C(=O)C45C6C7C4C8C5C6C78I"""
178,53248365,IUEHDTRLKKNLDW-UHFFFAOYSA-N,"""C1CN(CCN1CCN(C2=CC=CC=N2)C(=O)C34C5C6C3C7C4C5C67I)C8=CC=CC=C8O"""
179,9795278,WECKJONDRAUFDD-ZDUSSCGKSA-N,"""C1CN2CCC1C(C2)NC(=O)C3=CC=C(C=C3)Cl"""
180,10359235,DSNALXIKDKGHLJ-UHFFFAOYSA-N,"""CC(C)N1CCN(CC1)C(=O)C2=CC=C(C=C2)CN3CCCCC3"""
181,46179476,NVCJMYLJSSPEKR-UHFFFAOYSA-N,"""CC1=C(C=CC(=C1)C(=O)N)C2=C(C=CN2C3=CC=C(C=C3)N4C=CN=C4)CCC(=O)O"""
182,46179378,CPOQTXKWWFQYCF-UHFFFAOYSA-N,"""CC1=C(C=CC(=C1)C(=O)N)C2=C(C=CN2CCC(=O)O)C3=CC=C(C=C3)N4C=CN=C4"""
183,46179566,APARPRRWRUIPGQ-UHFFFAOYSA-N,"""CC1=C(C=CC(=C1)C(=O)N)C2=C(C=CN2C3=CC(=C(C=C3)C(=O)O)O)C4=CC=C(C=C4)OC"""
184,46179568,USRJTKDRTOTPRU-UHFFFAOYSA-N,"""CC1=C(C=CC(=C1)C(=O)N)C2=C(C=CN2C3=CC(=C(C=C3)O)[N+](=O)[O-])C4=CC=C(C=C4)OC"""
185,65856,CBQGYUDMJHNJBX-OALUTQOASA-N,"""CCOC1=CC=CC=C1OC(C2CNCCO2)C3=CC=CC=C3"""
186,108182,FEROPKNOYKURCJ-UHFFFAOYSA-N,"""COC1=CC(=C(C=C1C(=O)NC2CN3CCC2CC3)Cl)N"""
187,135743630,JDBSZVDIUIRSDG-DAFODLJHSA-N,"""C1=CC2=C(C=C1F)NC=C2C=CC3=NNN=N3"""
188,53363442,DNVBBWNTRFFIHW-CQSZACIVSA-N,"""CC1CCCN1CCCOC2=CC=C(C=C2)C3=CC(=O)NN=C3"""
189,1408942,NRJJRVIMKKANAW-UHFFFAOYSA-N,"""CN1CCN(CC1)C2=NC=NC(=C2)C3=CC=CC=C3"""
190,3513127,WIPPGLNWEIAUEV-UHFFFAOYSA-N,"""C1=CC=C(C=C1)CCCN=C(N)N"""
191,56672434,LZFIKFXIHTZOJR-UHFFFAOYSA-N,"""CN1CCC(=CC2=NC3=C(N2)C=C(C=C3)Cl)CC1"""
192,9793921,RWBFCYZFACUBIZ-UHFFFAOYSA-N,"""C1CCC(CC1)CC2=CN=CN2"""
193,56665109,ZHHLHBNBIKLLJG-UHFFFAOYSA-N,"""C1C2CC3CC1CC(C2)(N3CC4=CC=CC=C4)O.Cl"""
194,56682093,LPAMOYXJLQSGRI-UHFFFAOYSA-N,"""C1C2CC3CC1CC(C2)(N3CC4=CC(=CC=C4)F)O.Cl"""
195,56675439,HXOMGUPFBWZKBK-UHFFFAOYSA-N,"""C1C2CC3CC1CC(C2)N3CC4=CC=CC=C4.Cl"""
196,56672196,ZILQWXOKQUVSTI-UHFFFAOYSA-N,"""C1C2CC3CC1CC(C2)N3CC4=CC(=CC=C4)F.Cl"""
197,10546334,XCKMSIBEVNAANY-UHFFFAOYSA-N,"""C1CN(CCN1CCC2=CC3=C(C=C2)NCN3)C4=CC=CC5=CC=CC=C54"""
198,25070031,XUKROCVZGZNGSI-CQSZACIVSA-N,"""CC1CCCN1CCCOC2=CC=C(C=C2)C3=NNC(=O)C=C3"""
199,56593934,XEWOFIPWWSYNAY-UHFFFAOYSA-N,"""CCN=C(NS(=O)(=O)C1=CC(=CC=C1)Cl)N2CC3(CCNCC3)C=N2"""
200,10088453,QOTYCLIFPPZNAZ-UHFFFAOYSA-N,"""COC1=CC=CC=C1N2CCN(CC2)CCC3=CC4=NNN=C4C=C3"""
201,1383884,ROFVXGGUISEHAM-UHFFFAOYSA-N,"""C1CCC(CC1)NC(=O)OC2=CC=CC(=C2)C3=CC(=CC=C3)C(=O)N"""
202,10042602,IOUSMYRYFCYRJU-UHFFFAOYSA-N,"""CC1=C(C(=CC=C1)N2CCN(CC2)CCC3=CC4=NNN=C4C=C3)C"""
203,5011,XRXDAJYKGWNHTQ-UHFFFAOYSA-N,"""C1CN(CCN1)C2=NC3=CC=CC=C3C=C2"""
204,46926514,JQSJAVBMIMDUFO-UHFFFAOYSA-N,"""C1OC2=C(O1)C=C(C=C2)C3=CN=CN=C3NCC4=CC(=CC(=C4)Cl)Cl"""
205,9849616,HMXDWDSNPRNUKI-UHFFFAOYSA-N,"""CCC1=C(N(N=C1C(=O)NN2CCCCC2)C3=C(C=C(C=C3)Cl)Cl)C4=CC=C(C=C4)Br"""
206,28693,WZHJKEUHNJHDLS-QTGUNEKASA-N,"""CN1CC(CC2C1CC3=CN(C4=CC=CC2=C34)C)CNC(=O)OCC5=CC=CC=C5"""
207,54764239,VRTIPIUNHQTBEU-JVOXIWMLSA-N,"""CCC=C1CC2CNC3=C(C=CC=C3OC)C(=O)N2C1"""
208,54764241,YZASJELCRXLHII-LFJXOHPOSA-N,"""CC=C1CC2CNC3=C(C=CC=C3OC)C(=O)N2C1"""
209,54764240,MGYWULAVXWGTIC-JVOXIWMLSA-N,"""CCC=C1CC2CNC3=CC=CC=C3C(=O)N2C1"""
210,56655504,UKQMQTGGUNTZKM-UHFFFAOYSA-N,"""CC1=NC2=C(C(=NN2C(=C1)N)NC)S(=O)(=O)C3=CC=CC=C3"""
211,5310971,TYAGAVRSOFABFO-VIFPVBQESA-N,"""C1CN2CCC1C3(C2)CNC(=O)O3"""
212,45102767,HTSQRRQNKJNSLH-UHFFFAOYSA-N,"""C1=C(C=C(C=C1Cl)Cl)OCC2=CC(=O)NN2"""
213,46239840,LRBQTFPUUPFJQW-UHFFFAOYSA-N,"""CC1=CC(=CC2=C(C3=C(NN=C3N=C12)C)N4CCNCC4)OC"""
214,3066250,ZQZWLJUKYOXRPN-UHFFFAOYSA-N,"""CC1=C(C2=C(N1)C=CC(=C2)OC)C3=CCNCC3"""
215,24996322,HBDLBTSITBUDIR-GOSISDBHSA-N,"""CC1CCCN1CCCOC2=CC=C(C=C2)C3=CC(=O)N(N=C3)C4=CC=CC=N4"""
216,57396812,IKXSPLZKOZXPFB-RQBPZYBGSA-N,"""CC(C)OC1=CC(=CC(=C1)OC)S(=O)(=O)C2=CC3=C(C=C2)C4CCNCC4O3.Cl"""
217,11376655,ACKJXXOVSOCBPX-UHFFFAOYSA-N,"""CC1=C(C2=CC=CC=C2N=C1N3CCN(CC3)C)C(=O)NCCCCCCCNC4=C5CCCCC5=NC6=CC=CC=C64"""
218,56946195,ZSXVTCQOHADCFY-UHFFFAOYSA-N,"""C1CCN(CC1)CCCOC2=CC=C(C=C2)C3=CC(=O)NN=C3"""
219,24995994,QJAUWCVZCCDKQC-OAHLLOKOSA-N,"""CC1CCCN1CCCOC2=CC=C(C=C2)C3=CC(=O)N(N=C3)C"""
220,24995995,IQDHHFRBYSXXIU-UHFFFAOYSA-N,"""CN1C(=O)C=C(C=N1)C2=CC=C(C=C2)OCCCN3CCCCC3"""
221,24995996,FSIKVHPOLUUBDN-UHFFFAOYSA-N,"""CN1C(=O)C=C(C=N1)C2=CC=C(C=C2)OCCCN3CCCCCC3"""
222,56946196,SRWDXYXZNVIWLX-QGZVFWFLSA-N,"""CC1CCCN1CCCOC2=CC=C(C=C2)C3=CC(=O)N(N=C3)C(C)C"""
223,24995991,OVNSLCAMMBQZNV-CQSZACIVSA-N,"""CC1CCCN1CCCOC2=CC=C(C=C2)C3=CC(=O)NN=C3C"""
224,24995992,ZLVGQXFVHCGGPY-UHFFFAOYSA-N,"""CC1=NNC(=O)C=C1C2=CC=C(C=C2)OCCCN3CCCCC3"""
225,24995993,PNKGJBPTSCNELU-UHFFFAOYSA-N,"""CC1=NNC(=O)C=C1C2=CC=C(C=C2)OCCCN3CCCCCC3"""
226,24995682,FVBMQXFSNPPRRM-OAHLLOKOSA-N,"""CC1CCCN1CCCOC2=CC=C(C=C2)C3=CC(=O)N(N=C3C)C"""
227,24995990,ZDCLGHCQWVFXJS-UHFFFAOYSA-N,"""CC1=NN(C(=O)C=C1C2=CC=C(C=C2)OCCCN3CCCCC3)C"""
228,24996649,HBDLBTSITBUDIR-SFHVURJKSA-N,"""CC1CCCN1CCCOC2=CC=C(C=C2)C3=CC(=O)N(N=C3)C4=CC=CC=N4"""
229,24996323,XBRKSAQXTGMBRJ-UHFFFAOYSA-N,"""C1CCN(CC1)CCCOC2=CC=C(C=C2)C3=CC(=O)N(N=C3)C4=CC=CC=N4"""
230,24996324,YNRFAWWXOCTZKF-UHFFFAOYSA-N,"""C1CCCN(CC1)CCCOC2=CC=C(C=C2)C3=CC(=O)N(N=C3)C4=CC=CC=N4"""
231,24996325,ZKBYTERDWDMGKM-LJQANCHMSA-N,"""CC1CCCN1CCCOC2=CC=C(C=C2)C3=CC(=O)N(N=C3)C4=CC=CC(=N4)C"""
232,24996326,DLAXWULAMBVPFO-LJQANCHMSA-N,"""CC1CCCN1CCCOC2=CC=C(C=C2)C3=CC(=O)N(N=C3)C4=C(C=CC=N4)C"""
233,24996327,ZROXYPDPKXBHHW-GOSISDBHSA-N,"""CC1CCCN1CCCOC2=CC=C(C=C2)C3=CC(=O)N(N=C3C)C4=CC=CC=N4"""
234,24996643,DACDBRYFJUJEAA-LJQANCHMSA-N,"""CC1CCCN1CCCOC2=CC=C(C=C2)C3=CC(=O)N(N=C3C)C4=C(C=CC=N4)C"""
235,46174545,LTQWNQOQFFXHAJ-UHFFFAOYSA-N,"""CC1=C(C=CC(=C1)NS(=O)(=O)C)N2C(=CC=C2C3=CC=C(S3)N4C=CN=C4C)CCC(=O)O"""
236,46174600,NFEVAAXMHCVVQF-UHFFFAOYSA-N,"""CC1=C(C=CC(=C1)NS(=O)(=O)C)N2C(=CC=C2C3=CC=C(C=C3)N4C=CN=C4)CCC(=O)O"""
237,45254040,FQIJPHXWIONJLF-JKOKRWQUSA-N,"""C1CNC1COC2=CN=CC(=C2)C3CC3CCO"""
238,56951368,HGSHFGWWOPXUPH-WHOFXGATSA-N,"""CNC(=O)OCCC1CC1C2=CC(=CN=C2)OCC3CCN3"""
239,56951495,NMIIKXFGCKOYRV-WHOFXGATSA-N,"""COCCC1CC1C2=CC(=CN=C2)OCC3CCN3"""
240,9805719,MDBNTXARNGRHEV-UHFFFAOYSA-N,"""C1CN(CCC1N2C(=O)OC(=N2)C3=CC(=C(C4=C3OCCO4)N)Cl)CCC5=CC=CC=C5"""
241,11095339,ITUMTGGIBOPIJQ-UHFFFAOYSA-N,"""C1CC2CCC1N2CC3=CC=CC=C3"""
242,70683685,HJOLMLNXMCFYQQ-UHFFFAOYSA-N,"""C1CC2CCC1N2CC3=CC(=CC=C3)F"""
243,66561968,MFKYGKXYJBKSQN-UHFFFAOYSA-N,"""COC1=C(C=C(C=C1)CN2C3CCC2CC3)OC"""
244,66561966,JVHYCBRRZUMPEJ-UHFFFAOYSA-N,"""C1CCC(CC1)CN2C3CCC2CC3"""
245,66561967,TWUZJTIHFYRNSV-UHFFFAOYSA-N,"""C1CC2CCC1N2CC34C5C6C3C7C6C5C47"""
246,70687957,JJTSIVODPMDGBG-UHFFFAOYSA-N,"""C1CC2CCC1N2CCC3=CC=CC=C3"""
247,70685835,URNOPSHFIGOPOJ-UHFFFAOYSA-N,"""C1CC2CCC1N2CCC3=CC(=CC=C3)F"""
248,70687958,SRRZEMVAQOSBLB-UHFFFAOYSA-N,"""C1CC2CCC1N2CCC3=CC=CC=N3"""
249,70692138,LCBQDWKMNGEPLD-UHFFFAOYSA-N,"""C1CC2CCC1N2CCCC3=CC(=CC=C3)F"""
250,122501,CWEGCQIIDCZZED-UHFFFAOYSA-N,"""C1CCN(C1)CC2=CC=CC=C2"""
251,22197529,PRKCBGIXZFUCEF-UHFFFAOYSA-N,"""C1CCN(C1)CC2=CC(=CC=C2)F"""
252,211262,MIZXZRHARATZMK-UHFFFAOYSA-N,"""COC1=C(C=C(C=C1)CN2CCCC2)OC"""
253,199798,ADGIWWYGVBZYMC-UHFFFAOYSA-N,"""C1CCC(CC1)CN2CCCC2"""
254,411735,KLUCWWVQVUXBSE-UHFFFAOYSA-N,"""C1CCN(C1)CCC2=CC=CC=C2"""
255,70692139,PXBKRGXXBYALIH-UHFFFAOYSA-N,"""C1CCN(C1)CCC2=CC(=CC=C2)F"""
256,70681573,VBKWQJLSFFFYLC-UHFFFAOYSA-N,"""C1CCN(C1)CCCC2=CC(=CC=C2)F"""
257,56963799,GPZMWOXSIRVXQW-OAHLLOKOSA-N,"""CC1CCCN1CCC2=CC3=C(O2)C=CC(=C3)C(=O)C4=CC=C(C=C4)[N+](=O)[O-]"""
258,44408892,PUDDOANNCQNPJM-UHFFFAOYSA-N,"""CN(C)CC1=C2CN3C(=C(C4=CC=CC=C43)CN(C)C)CN2C5=CC=CC=C51"""
259,66572162,NBIWTPBSAFCSRX-UHFFFAOYSA-N,"""C1CN(CC=C1CC2=CC=CC=C2)CCC(C3=CC4=CC=CC=C4S3)O"""
260,66572393,QXCOEFGWAUGVTR-UHFFFAOYSA-N,"""C1CN(CC=C1CC2=CC=CC=C2)CCC(C3=CSC4=CC=CC=C43)O"""
261,45102009,JYIMWQCCVNSNJW-UHFFFAOYSA-N,"""COC1=C(C2=C(C=C1)C=C(C=C2)C(CCN3CCC(=CC3)CC4=CC=CC=C4)O)Cl"""
262,66572397,JZHYJRPFUZJBQH-UHFFFAOYSA-N,"""C1CN(CCC1(CC2=CC=CC=C2)O)CCC(C3=CC(=C(C=C3)Cl)Cl)O"""
263,66572399,NQXSFBZVBLPNCG-UHFFFAOYSA-N,"""C1CN(CC=C1CC2=CC=CC=C2)CCC(C3=CC(=C(C=C3)Cl)Cl)O"""
264,62705126,GBAMAYLRKACPQW-IZZDOVSWSA-N,"""CNC1=NC(=O)C(=CC2=CNC3=C2C(=CC=C3)Br)N1C"""
265,62705127,WNMPRXNFNSOTPV-LFYBBSHMSA-N,"""CNC1=NC(=O)C(=CC2=CNC3=C2C=C(C=C3)Br)N1C"""
266,62705129,IQJBDRJDMXGXFH-OSNXYGPASA-N,"""CN1C(=CC2=CNC3=C2C(=CC=C3)Br)C(=O)N(C1=N)C"""
267,62705130,MDTKNEDEHYXCRY-OSNXYGPASA-N,"""CN1C(=CC2=CNC3=C2C=CC=C3Br)C(=O)N(C1=N)C"""
268,44408940,OSQNMWDGHFIAOM-UHFFFAOYSA-L,"""C[N+](C)(CC=C)CC1=C2CN3C(=C(C4=CC=CC=C43)C[N+](C)(C)CC=C)CN2C5=CC=CC=C51.[Br-].[Br-]"""
269,70697344,VENCMHFMVFASKV-UHFFFAOYSA-N,"""C1CCN(CC1)CCCCNC(=O)NC2=CC=C(C=C2)C3=CC=C(C=C3)Cl"""
270,24860582,LKMWIEHGNOUIAH-UHFFFAOYSA-N,"""CC(=O)N1CCCN(CC1)CCCCC(=O)NC2=NNC(=C2)C3=CC=C(C=C3)OC"""
271,57523417,AWJOXQPKTMMFHH-UHFFFAOYSA-N,"""CC1=C(NN=C1NC(=O)CCCCN2CCCN(CC2)C(=O)C)C3=CC=C(C=C3)OC"""
272,57523447,KELGFUJORMNBDM-UHFFFAOYSA-N,"""CC(CCCN1CCCN(CC1)C(=O)C)C(=O)NC2=NNC(=C2)C3=CC=C(C=C3)OC"""
273,57523448,JJJIVUQWUUXQLP-UHFFFAOYSA-N,"""CC(=O)N1CCCN(CC1)CCCCC(=O)NC2=NC=C(N2)C3=CC=C(C=C3)OC"""
274,11340940,TYDKAHFZLFMNQX-UHFFFAOYSA-N,"""CC1=CC(=CC(=C1S(=O)(=O)N(C)CCOCC(=O)N2CCN(CC2)C3CCN(CC3)C)C)OC"""
275,70689023,HSJHANWKJLOWGS-UHFFFAOYSA-N,"""C1CCN(CC1)CCCCC(=O)NC2=CC=C(C=C2)C3=CC=C(C=C3)Cl"""
276,24998043,LOEWGPWXHKYVIM-UHFFFAOYSA-N,"""C1CCN(CC1)CCCCC(=O)NC2=NNC(=C2)C3=CC=C(C=C3)Cl"""
277,57523354,UDNVGXVDJIKQKN-UHFFFAOYSA-N,"""CN1C(=CC(=N1)C2=CC=C(C=C2)Cl)NC(=O)CCCCN3CCCCC3"""
278,57500973,UQHUNGZFFQATJZ-UHFFFAOYSA-N,"""C1CCN(CC1)CCCCC(=O)NC2=NC(=CS2)C3=CC=C(C=C3)Cl"""
279,57500967,JWKYJUPITPBTSR-UHFFFAOYSA-N,"""C1CCN(CC1)CCCCC(=O)NC2=NN=C(S2)C3=CC=C(C=C3)Cl"""
280,57523355,UUULARAVAROYPO-UHFFFAOYSA-N,"""C1CCN(CC1)CCCCC(=O)NC2=CC(=NO2)C3=CC=C(C=C3)Cl"""
281,57523356,BGJJEMSVLGIVLI-UHFFFAOYSA-N,"""COC1=CC=C(C=C1)C2=CC(=NN2)NC(=O)CCCCN3CCCCC3"""
282,57523357,VAEUZWBERFNXLX-UHFFFAOYSA-N,"""COC1=CC=CC(=C1)C2=CC(=NN2)NC(=O)CCCCN3CCCCC3"""
283,57523382,YJOREKPBKODAPH-UHFFFAOYSA-N,"""COC1=CC=CC=C1C2=CC(=NN2)NC(=O)CCCCN3CCCCC3"""
284,25029475,GQCWFDPOTSZPCD-UHFFFAOYSA-N,"""CC1=C(NN=C1NC(=O)CCCCN2CCCCC2)C3=CC=C(C=C3)OC"""
285,24997749,POWHTVORLJYXLJ-UHFFFAOYSA-N,"""C1CCN(CC1)CCCCC(=O)NC2=NNC(=C2)C3=CC=C(C=C3)F"""
286,57523383,MIQNWMJNRQADMN-UHFFFAOYSA-N,"""C1CCN(CC1)CCCCC(=O)NC2=NNC(=C2)C3=CC=C(C=C3)Br"""
287,57523384,DWJPLBZSCNLIAR-UHFFFAOYSA-N,"""C1CCN(CC1)CCCCC(=O)NC2=NNC(=C2)C3=CC=NC=C3"""
288,24998044,AEZVYNVHNCDBQX-UHFFFAOYSA-N,"""C1CCN(CC1)CCCCC(=O)NC2=NNC(=C2)C3=CC=C(C=C3)C(F)(F)F"""
289,57523385,MUFOLRMJGLDINZ-UHFFFAOYSA-N,"""C1CCN(CC1)CCCCC(=O)NC2=NNC(=C2)C3=CC=CO3"""
290,57523386,BRVURYNCYHYNFR-UHFFFAOYSA-N,"""CC1CCN(CC1)CCCCC(=O)NC2=NNC(=C2)C3=CC=C(C=C3)OC"""
291,24998360,RPLWNHKGFXWLSL-UHFFFAOYSA-N,"""COC1=CC=C(C=C1)C2=CC(=NN2)NC(=O)CCCCN3CCOCC3"""
292,57523387,XJQFQLWVHXSRMJ-UHFFFAOYSA-N,"""COC1=CC=C(C=C1)C2=CC(=NN2)NC(=O)CCCCN3CCNC(=O)C3"""
293,57500969,QENDQZCSFXDDOX-UHFFFAOYSA-N,"""COC1=CC=C(C=C1)C2=CC(=NN2)NC(=O)CCCCN3CCC(CC3)C(=O)N"""
294,57523414,LZQMVVGBOPZASC-UHFFFAOYSA-N,"""COC1=CC=C(C=C1)C2=CC(=NN2)NC(=O)CCCCN3CCCCCC3"""
295,57523415,PNHTUMMCJLWVTR-UHFFFAOYSA-N,"""COC1=CC=C(C=C1)C2=CC(=NN2)NC(=O)CCCCN3CCCOCC3"""
296,44136698,UTZCOSNAHHZOGH-UHFFFAOYSA-N,"""COC1=CC=C(C=C1)C2=CC(=NN2)NC(=O)CCCCN3CCCNCC3"""
297,57523416,VDQDOBJGSUGYMM-UHFFFAOYSA-N,"""COC1=CC=C(C=C1)C2=CC(=NN2)NC(=O)CCCCN3CCC(=O)NCC3"""
298,62865,SLFGIOIONGJGRT-UHFFFAOYSA-N,"""CC(CN1C2=CC=CC=C2SC3=C1C=C(C=C3)C#N)CN(C)C"""
299,9794392,OCKIPDMKGPYYJS-ZDUSSCGKSA-N,"""C1CN2CCC1C3(C2)CC4=C(O3)N=CC=C4"""
300,9970357,TXCYUSKWBHUVEP-CYBMUJFWSA-N,"""C1CN2CCC1C(C2)NC(=O)C3=NNC4=CC=CC=C43"""
301,9976826,GUUAJKBOCMZUJW-IBGZPJMESA-N,"""COC1=CC=CC=C1C2=CC=CC3=C2OC(=C3)C(=O)NC4CN5CCC4CC5"""
302,25182692,PIEZNFVNSICXLK-FUHWJXTLSA-N,"""CC1=CC=C(S1)C(=O)NC2C3CCN(C2CC4=CN=CC=C4)CC3"""
303,10130417,WIEWCOLOPGXZDJ-UHFFFAOYSA-N,"""C1CC(N2CCC1CC2)C3=CN=CC=C3"""
304,11173546,GTMRUYCIJSNXGB-UHFFFAOYSA-N,"""CN1CC2CN(CC2C1)C3=NN=C(C=C3)C4=CC=CC=C4"""
305,11151363,LUKNJAQKVPBDSC-SFHVURJKSA-N,"""C1CN2CCC1C(C2)OC3=NN=C(C=C3)C4=CC5=C(C=C4)NC=C5"""
306,46196517,SSRDSYXGYPJKRR-ZDUSSCGKSA-N,"""C1CN2CCC1C(C2)NC(=O)C3=CC4=C(S3)C(=CC=C4)Cl"""
307,23290944,QJFWBEXGRNKZIY-UHFFFAOYSA-N,"""C1CCC(CC1)C(=O)N(CCN2CCN(CC2)C3=CC=CC=C3)C4=CC=CC=N4"""
308,71455083,YUOLKUGHNOWKJF-UHFFFAOYSA-N,"""C1CCC(CC1)C(=O)N(CCN2CCC(=CC2)C3=CC=CC=C3)C4=CC=CC=N4"""
309,56949640,KZONDTNPVHWVKU-NSHDSACASA-N,"""C1CNC1COC2=NOC(=C2)COC3=CC=CC=C3"""
310,71460637,LDGNYEXMQRXXIW-UHFFFAOYSA-N,"""CN1CCN(CC1)C2=NC=C3C=C(C=CC3=N2)Cl"""
311,63211,WWOMJAJTOOLHDS-UHFFFAOYSA-N,"""CN1CCN(CC1)C2=NC(=O)C3=CC=CC=C3N2"""
312,52108285,VMMHKLBVXJNMEM-UHFFFAOYSA-N,"""CNC1=NC(=NC2=CC=CC=C21)N3CCN(CC3)C"""
313,13025568,CFMSRRKPZHTMEX-UHFFFAOYSA-N,"""CN1CCN(CC1)C2=CC3=CC=CC=C3C=N2"""
314,12706835,RSUDGRCQQXSDOO-UHFFFAOYSA-N,"""CN1CCN(CC1)C2=CC3=CC=CC=C3N=C2"""
315,3044599,CIBFBHWSAKKIPN-UHFFFAOYSA-N,"""CN1CCN(CC1)C2=CC3=CC=CC=C3C=C2"""
316,71451613,VDFLDQVKOMEZEL-UHFFFAOYSA-N,"""CNC1=CC(=NC2=CC=CC=C21)N3CCN(CC3)C"""
317,69604399,GRQDDYOXJKSBNX-UHFFFAOYSA-N,"""CN1CCN(CC1)C2=NC3=CC=CC=C3C(=C2)N"""
318,71453451,WJMAMTPJNQQNJJ-UHFFFAOYSA-N,"""CNC1=NC(=CC2=CC=CC=C21)N3CCN(CC3)C"""
319,71462343,YMNXOJIOGVVKPL-UHFFFAOYSA-N,"""CN1CCN(CC1)C2=CC3=CC=CC=C3C(=N2)N"""
320,71458823,JJKSXCUVAHBTLA-UHFFFAOYSA-N,"""CN1CCN(CC1)C2=NC3=CC=CC(=C3C=C2)N"""
321,71456956,GBRCKQVRLPIGIR-UHFFFAOYSA-N,"""CN1CCN(CC1)C2=NC3=C(C=CC=C3N)C=C2"""
322,71460633,FBESFXOTONWCII-UHFFFAOYSA-N,"""CNC1=NC(=NC2=C1C=C(C=C2)Cl)N3CC(C3)N(C)C"""
323,44476607,CHVVPMVMKPMDFR-UHFFFAOYSA-N,"""CNC1=NN2C=C3CN(CCC3=NC2=C1S(=O)(=O)C4=CC=CC=C4)C"""
324,2760009,IRMBVBDXXYXPEW-UHFFFAOYSA-N,"""CN1CCNC(C1)C2=CC=CC=C2"""
325,71457264,ZPUAIXYROPYWKA-UHFFFAOYSA-N,"""CC1=CN(C2=C1C=C(C=C2)Cl)S(=O)(=O)C3=CC(=C(C=C3)OC)NC4CCN(CC4)C"""
326,51002362,XRDVQWJPAZZLKN-UHFFFAOYSA-N,"""CC1=CN(C2=C1C=C(C=N2)Cl)S(=O)(=O)C3=CC(=C(C=C3)OC)NC4CCN(CC4)C"""
327,71455493,RJIRTFWCWLPHDK-UHFFFAOYSA-N,"""C1CC2(CC3CC1C(C3)C2)CN"""
328,3158580,JXJCCQYPULQIKT-UHFFFAOYSA-N,"""CN(C)C(CN)C1=CC=CC=C1Cl"""
329,24795080,GTUIQNHJSXQMKW-UHFFFAOYSA-N,"""C1C2CN(CC2CN1)C(=O)C3=CC=C(O3)Cl"""
330,24945301,AFIZEQKQIKDZQH-UHFFFAOYSA-N,"""C1C2CNCC1CN(C2)C(=O)C3=CC=C(O3)Cl"""
331,68490431,IIDIAHIVYVSCHD-UHFFFAOYSA-N,"""CC(C)N1C2=CC=CC=C2C(=N1)C(=O)NCC3CCN(CC3)CCC4=CC=C(C=C4)C(=O)O"""
332,67144490,OQFNODATXJBYQO-RBUKOAKNSA-N,"""C1CN2CCC1C(C2CC3=CN=CC=C3)NC(=O)C4=CC=C(C=C4)F"""
333,71453797,HTBCXNBZJPZOBH-FCHUYYIVSA-N,"""C1CN2CCC1C(C2CC3=CN=CC=C3)NC(=O)C4=CC5=CC=CC=C5C=N4"""
334,71462681,FONCJXWMQYTPRQ-WMLDXEAASA-N,"""C1CN2CCC1C(C2CC3=CN=CC=C3)NC(=O)C4=CC=C(O4)Br"""
335,25182691,HMBGJHCWZLRYIN-SIKLNZKXSA-N,"""C1CN2CCC1C(C2CC3=CN=CC=C3)NC(=O)C4=CC=C(S4)C5=CC=CC=N5"""
336,71460960,YQRNOVVTYJEJEA-GHTZIAJQSA-N,"""C1CN2CCC1C(C2CC3=CN=CC=C3)NC(=O)C4=CC5=C(O4)C=CC(=C5)Cl"""
337,46935872,OXKRFEWMSWPKKV-NQIIRXRSSA-N,"""C1CN2CCC1C(C2CC3=CN=CC=C3)NC(=O)C4=CC5=CC=CC=C5O4"""
338,25029711,OUTWSZAPEGAWEL-UHFFFAOYSA-N,"""COC1=CC=C(C=C1)C2=CC(=NN2)NC(=O)CCCN3CCCCC3"""
339,59173799,KOTAZQOZDGBEDN-UHFFFAOYSA-N,"""COC1=CC=C(C=C1)C2=CC(=NN2)NC(=O)CCCN3CCCCCC3"""
340,59173760,NBIZFEZAYLVEGQ-UHFFFAOYSA-N,"""COC1=CC=C(C=C1)C2=CC(=NN2)NC(=O)CCCN3CCOCC3"""
341,59173888,XXYWJJJEDMYQLQ-UHFFFAOYSA-N,"""COC1=CC=C(C=C1)C2=CC(=NN2)NC(=O)CCCN3CCCOCC3"""
342,71459241,OGPREQIZGSIMHW-UHFFFAOYSA-N,"""CC(C)(C)C1=CC(=NN1)NC(=O)CCCN2CCCCC2"""
343,71459269,GDRLBCZDGQFDCZ-UHFFFAOYSA-N,"""C1CN(CCC1COC2=C3C=CC=NC3=C4C=CC=C(C4=N2)F)CCCC5=CC=C(C=C5)I"""
344,71457409,BIAZRDQNRJRCRQ-UHFFFAOYSA-N,"""CCCN1CCC(CC1)COC2=C3C=CC=NC3=C4C=CC=C(C4=N2)I"""
345,71462776,UWMNAFXETUEZJZ-UHFFFAOYSA-N,"""CCCN1CCC(CC1)COC2=NC3=C(C=CC=C3I)C4=CC=CC=C42"""
346,71455625,JBPBJYKHTQKMKP-UHFFFAOYSA-N,"""CCCN1CCC(CC1)COC2=C3C=CC=NC3=C4C=CC=C(C4=N2)F"""
347,71462777,MREMSPSMZSVSJS-UHFFFAOYSA-N,"""CCCN1CCC(CC1)COC2=NC3=CC=CC=C3C4=C2C=CC=N4"""
348,71461049,OLINRUQQUFMPJJ-UHFFFAOYSA-N,"""CCCN1CCC(CC1)COC2=NC3=C(C=CC=C3OC)C4=CC=CC=C42"""
349,71450247,GGQFEMQQQLOYIH-UHFFFAOYSA-N,"""CCCN1CCC(CC1)COC2=NC3=C(C=CC=C3Cl)C4=CC=CC=C42"""
350,71461050,KMWRABRPTOODHP-UHFFFAOYSA-N,"""CCCN1CCC(CC1)COC2=NC3=C(C=CC=C3F)C4=CC=CC=C42"""
351,71452172,JUWUZLUBIRHYMM-LBPRGKRZSA-N,"""C1CC(NC1)COC2=NOC(=C2)COC3=CC=CC=C3"""
352,25014630,BLZNLOLTHDUEOL-UHFFFAOYSA-N,"""C1CNCCC1N2CCC3=C2C=CC(=C3)N=C(C4=CC=CS4)N"""
353,53237894,CDEZIFKSLJMFDM-UHFFFAOYSA-N,"""COC1=C(C(=CC=C1)SC2=CC=CC=C2N3CCNCC3)OC.Cl"""
354,53237896,JTQUHGRGBNXQDN-UHFFFAOYSA-N,"""C1CN(CCN1)C2=CC=CC=C2SC3=C(C(=CC=C3)Cl)Cl.Cl"""
355,53237898,HHVBUSGGPUQAOP-UHFFFAOYSA-N,"""CC1=C(C(=CC=C1)SC2=CC=CC=C2N3CCNCC3)C.Cl"""
356,53237900,ZTLVPNGMZUOVML-UHFFFAOYSA-N,"""COC1=CC(=C(C=C1)SC2=CC=CC=C2N3CCNCC3)OC.Cl"""
357,53237902,RJOWFEDJGNNCDF-UHFFFAOYSA-N,"""C1CN(CCN1)C2=CC=CC=C2SC3=C(C=C(C=C3)Cl)Cl.Cl"""
358,66860907,JOJYHYRCIYAVHN-UHFFFAOYSA-N,"""CC1=CC(=C(C=C1)SC2=CC=CC=C2N3CCNCC3)C.Cl"""
359,53238120,AYFCXRDVVSZQJL-UHFFFAOYSA-N,"""COC1=CC(=C(C=C1)SC2=CC=CC=C2N3CCNCC3)Cl.Cl"""
360,53238122,PQZKTTYJTULMNA-UHFFFAOYSA-N,"""CC1=CC(=C(C=C1)SC2=CC=CC=C2N3CCNCC3)OC.Cl"""
361,53238124,CAVNQHZFZKMWIY-UHFFFAOYSA-N,"""CC1=CC(=C(C=C1)SC2=CC=CC=C2N3CCNCC3)Cl.Cl"""
362,53238126,SCMJERWDLBFTKH-UHFFFAOYSA-N,"""CC1=CC(=C(C=C1)SC2=CC=CC(=C2N3CCNCC3)C)C.Cl"""
363,53238128,CUKFWEYSWJQRNA-UHFFFAOYSA-N,"""CC1=CC(=C(C=C1)SC2=C(C=C(C=C2)C)N3CCNCC3)C.Cl"""
364,53238130,JSQWHKSZJJCLBC-UHFFFAOYSA-N,"""CC1=CC(=C(C=C1)SC2=C(C=CC(=C2)C)N3CCNCC3)C.Cl"""
365,53238132,IJONBIKCSKCKEI-UHFFFAOYSA-N,"""CC1=CC(=C(C=C1)SC2=C(C=CC=C2N3CCNCC3)C)C.Cl"""
366,71462991,RLFBHQCZNZAQCK-UHFFFAOYSA-N,"""CC1=CC(=C(C=C1)SC2=CC=CC=C2N3CCN(CC3)C)C.Cl"""
367,53238354,HJUJYONTBWEAKN-UHFFFAOYSA-N,"""CC1=CC(=C(C=C1)SC2=CC=CC=C2N3CCCNCC3)C.Cl"""
368,53238356,NHOSAEPFSIDHPV-UHFFFAOYSA-N,"""CC1=CC(=C(C=C1)OC2=CC=CC=C2N3CCNCC3)C.Cl"""
369,53237226,DGKFZZQCWFNWRZ-UHFFFAOYSA-N,"""CC1=CC(=C(C=C1)SC2=CC=CC=C2)N3CCNCC3.Cl"""
370,53237429,OIMAWSBVYIVFBR-UHFFFAOYSA-N,"""CC1=CC(=C(C=C1)SC2=CC=C(C=C2)OC)N3CCNCC3.Cl"""
371,53237430,QFTFRCOFPNGFPT-UHFFFAOYSA-N,"""CC1=CC(=C(C=C1)SC2=CC=C(C=C2)Cl)N3CCNCC3.Cl"""
372,53237432,MUIUIEFHOZRYHZ-UHFFFAOYSA-N,"""CC1=CC(=C(C=C1)SC2=CC=C(C=C2)F)N3CCNCC3.Cl"""
373,53237433,BNICWFRCIZHJEK-UHFFFAOYSA-N,"""CC1=CC=C(C=C1)SC2=C(C=C(C=C2)C)N3CCNCC3.Cl"""
374,53237435,RZJQKGRFQHFVDL-UHFFFAOYSA-N,"""C1CN(CCN1)C2=CC=CC=C2SC3=CC=CC=C3.Cl"""
375,53237436,AAOXNOFJAOMEGO-UHFFFAOYSA-N,"""COC1=CC=C(C=C1)SC2=CC=CC=C2N3CCNCC3.Cl"""
376,53237438,XUMDENDMRHWGGR-UHFFFAOYSA-N,"""C1CN(CCN1)C2=CC=CC=C2SC3=CC=C(C=C3)Cl.Cl"""
377,53237439,XJSIHFKFXLFZEG-UHFFFAOYSA-N,"""C1CN(CCN1)C2=CC=CC=C2SC3=CC=C(C=C3)F.Cl"""
378,21864917,TYKBKDLIAKRVRZ-UHFFFAOYSA-N,"""CC1=CC=C(C=C1)SC2=CC=CC=C2N3CCNCC3.Cl"""
379,53237661,YTJNKAUGQNPJTI-UHFFFAOYSA-N,"""C1CN(CCN1)C2=CC=CC=C2SC3=CC=C(C=C3)C(F)(F)F.Cl"""
380,53237663,JBYIRSHDOBNQGW-UHFFFAOYSA-N,"""CC(C)(C)C1=CC=C(C=C1)SC2=CC=CC=C2N3CCNCC3.Cl"""
381,53237665,SIKLZAAJSXLXIN-UHFFFAOYSA-N,"""COC1=CC(=CC=C1)SC2=CC=CC=C2N3CCNCC3.Cl"""
382,53237667,YTAWEBKOATVAHD-UHFFFAOYSA-N,"""CC1=CC(=CC=C1)SC2=CC=CC=C2N3CCNCC3.Cl"""
383,53237669,MLLYZTIIRALMMQ-UHFFFAOYSA-N,"""COC1=CC=CC=C1SC2=CC=CC=C2N3CCNCC3.Cl"""
384,53237671,FSPHPGLLPWMVAT-UHFFFAOYSA-N,"""CC1=CC=CC=C1SC2=CC=CC=C2N3CCNCC3.Cl"""
385,53237673,QUHLMVHMAHPVMC-UHFFFAOYSA-N,"""COC1=C(C=C(C=C1)SC2=CC=CC=C2N3CCNCC3)OC.Cl"""
386,53237890,JNDJUERZLVTHAV-UHFFFAOYSA-N,"""C1CN(CCN1)C2=CC=CC=C2SC3=CC(=C(C=C3)Cl)Cl.Cl"""
387,53237892,VHKBDODTXKHVJR-UHFFFAOYSA-N,"""CC1=C(C=C(C=C1)SC2=CC=CC=C2N3CCNCC3)C.Cl"""
388,71459553,UGKUXKJKFRZEQP-UHFFFAOYSA-N,"""CC1=C(OC2=C1C=CC(=C2)OC)C(=O)N(CCCN3CCCCC3)C4=CC=CC=C4"""
389,71452341,CTMDNCSJPPQMLF-UHFFFAOYSA-N,"""CC1=C(OC2=CC=CC=C12)C(=O)N(CCCN3CCCCC3)C4=CC=CC=C4"""
390,71463022,RQJPWNOKFLOHKI-UHFFFAOYSA-N,"""CC1=C(OC2=CC(=C(C=C12)OC)OC)C(=O)N(CCCN3CCCCC3)C4=CC=CC=C4"""
391,71459604,ZKOQRCXMSDAJIR-UHFFFAOYSA-N,"""COC1=CC=CC(=C1)CCN2C3C4C5CC6C4C2(C7C6C5C73)O"""
392,71452382,TWMXGXSGGIIQDM-UHFFFAOYSA-N,"""COC1=CC=C(C=C1)CCN2C3C4C5CC6C4C2(C7C6C5C73)O"""
393,71463061,FOTUXOOYRRRHFQ-UHFFFAOYSA-N,"""COC1=CC=CC(=C1OC)CCN2C3C4C5CC6C4C2(C7C6C5C73)O"""
394,71452383,KULMFBVVFDTVNX-UHFFFAOYSA-N,"""COC1=C(C=C(C=C1)CCN2C3C4C5CC6C4C2(C7C6C5C73)O)OC"""
395,71452384,ABONQAUMSMWLEK-UHFFFAOYSA-N,"""C1C2C3C4C1C5C2C6C3C4C5(N6CCC7=CC=CC=N7)O"""
396,71457690,GFQHCUYWLHSGJR-UHFFFAOYSA-N,"""C1C2C3C4C1C5C2C6C3C4C5(N6CCC7=CN=CC=C7)O"""
397,71457691,WWXCWTRLUXMAHX-UHFFFAOYSA-N,"""COC1=CC=CC=C1CN2C3C4C5CC6C4C2(C7C6C5C73)O"""
398,71450548,LIKZWSUAMNZHAE-UHFFFAOYSA-N,"""COC1=CC=CC(=C1)CN2C3C4C5CC6C4C2(C7C6C5C73)O"""
399,71463063,GYKFQDQFKGGVKD-UHFFFAOYSA-N,"""COC1=CC=C(C=C1)CN2C3C4C5CC6C4C2(C7C6C5C73)O"""
400,71455894,MGYAQEPRQTVZOM-UHFFFAOYSA-N,"""COC1=C(C=C(C=C1)CN2C3C4C5CC6C4C2(C7C6C5C73)O)OC"""
401,71452387,AVNYJOIRGGOFFW-UHFFFAOYSA-N,"""C1C2C3C4C1C5C2C6C3C4C5(N6CC7=CC8=C(C=C7)OCO8)O"""
402,71455896,ZUHLFYHHSNMSRE-UHFFFAOYSA-N,"""C1C2C3C4C1C5C2C6C3C4C5(N6CC7=CC=CC=N7)O"""
403,71461344,DCGVCGVBZDMLGR-UHFFFAOYSA-N,"""C1C2C3C4C1C5C2C6C3C4C5(N6CC7=CN=CC=C7)O"""
404,71450550,PSBBAGWMKGXQRW-UHFFFAOYSA-N,"""COC1=CC=CC=C1CCN2C3C4C5CC6C4C2(C7C6C5C73)O"""
405,24781869,NIRASHDWADNQJU-UHFFFAOYSA-N,"""CCC1=C(C(=CC=C1)CC)CC2=NC=CN2"""
406,24967096,MJYQMQCVUXOIFY-UHFFFAOYSA-N,"""CN1CCN(CC1)CC2=C3C(=CC=C2)N(C=C3Cl)S(=O)(=O)C4=CC(=CC=C4)Cl"""
407,24966378,MBFLODNVCSXSKE-UHFFFAOYSA-N,"""CN1CCN(CC1)CC2=C3C(=CC=C2)N(C=C3Br)S(=O)(=O)C4=CC=CC=C4"""
408,24965679,AGKMPGSBLMAGAX-UHFFFAOYSA-N,"""CN1CCN(CC1)CC2=C3C=CN(C3=CC=C2)S(=O)(=O)C4=CC=CC=C4Br"""
409,24965329,CULSPSVPJXBZMJ-UHFFFAOYSA-N,"""CN1CCN(CC1)CC2=C3C=CN(C3=CC=C2)S(=O)(=O)C4=CC=CC=C4"""
410,6918388,HKFMQJUJWSFOLY-OAQYLSRUSA-N,"""C1CC2=CC=CC=C2OC1CNCC3=CC(=CN=C3)C4=CC=C(C=C4)F"""
411,25196629,YKQRXGQZAGVEJY-UHFFFAOYSA-N,"""C1CCN(CC1)CCNC(=O)C2=CC3=C(C=C2)C(=O)N(C(=O)N3)CC4=CC(=CC=C4)F"""
412,25196631,XKRVOMXWYNEPTN-UHFFFAOYSA-N,"""COC1=CC=CC=C1CN2C(=O)C3=C(C=C(C=C3)C(=O)NCCN4CCCCC4)NC2=O"""
413,25191018,RLQXOTMOPGYNGI-UHFFFAOYSA-N,"""COC1=CC=C(C=C1)CN2C(=O)C3=C(C=C(C=C3)C(=O)NCCN4CCCCC4)NC2=O"""
414,44422216,FIJJTIJVCAYUQE-UHFFFAOYSA-N,"""C1CCN(CC1)CCNC(=O)C2=CC3=C(C=C2)C(=O)N(C(=O)N3)CC4=CC=CC=C4Cl"""
415,25196632,ISRIWKVGGLFNBT-UHFFFAOYSA-N,"""COC1=CC=CC(=C1)CN2C(=O)C3=C(C=C(C=C3)C(=O)NCCN4CCCCC4)NC2=O"""
416,44422228,JXEWFPXPEYRYSN-UHFFFAOYSA-N,"""C1COCCN1CCNC(=O)C2=CC3=C(C=C2)C(=O)N(C(=O)N3)CC4=CC=C(C=C4)F"""
417,25196744,FXRGLPUKLPILJM-UHFFFAOYSA-N,"""CC1CCCCN1CCNC(=O)C2=CC3=C(C=C2)C(=O)N(C(=O)N3)CC4=CC=C(C=C4)Cl"""
418,25196850,YMGCQAHDDYCKLB-UHFFFAOYSA-N,"""CC1CCCCN1CCCNC(=O)C2=CC3=C(C=C2)C(=O)N(C(=O)N3)CC4=CC=C(C=C4)Cl"""
419,25196851,IWAHUQRZIUVMSG-UHFFFAOYSA-N,"""C1CCN(CC1)CCCNC(=O)C2=CC3=C(C=C2)C(=O)N(C(=O)N3)CC4=CC=C(C=C4)Cl"""
420,25196745,WLYLIKBNGQZDFH-UHFFFAOYSA-N,"""C1COCCN1CCCNC(=O)C2=CC3=C(C=C2)C(=O)N(C(=O)N3)CC4=CC=C(C=C4)Cl"""
421,24804735,NVNVERQZWUUANS-UHFFFAOYSA-N,"""C1CCN(CC1)CCNC(=O)C2=CC3=C(C=C2)C(=O)N(C(=O)N3)C4=CC=C(C=C4)F"""
422,44422338,CVIIPJUPHIOKNG-UHFFFAOYSA-N,"""CC1CCCCN1CCCNC(=O)C2=CC3=C(C=C2)C(=O)N(C(=O)N3)C4CCCCC4"""
423,44422255,KINBZTGMJRQTER-UHFFFAOYSA-N,"""C1COCCN1CCNC(=O)C2=CC3=C(C=C2)C(=O)N(C(=O)N3)CC4=CC=C(C=C4)Cl"""
424,25196518,DPMQWTNICFCLFP-UHFFFAOYSA-N,"""COC1=CC=C(C=C1)N2C(=O)C3=C(C=C(C=C3)C(=O)NCCN4CCCCC4)NC2=O"""
425,25196741,DWGFHYJCLFQFTA-UHFFFAOYSA-N,"""CN1C(=O)C2=C(C=C(C=C2)C(=O)NCCN3CCCCC3)NC1=O"""
426,25196630,PYCLIFABZLPONX-UHFFFAOYSA-N,"""C1CCN(CC1)CCNC(=O)C2=CC3=C(C=C2)C(=O)N(C(=O)N3)CC4=CC=C(C=C4)F"""
427,25196628,JRKIQFPYQPIURM-UHFFFAOYSA-N,"""C1CCN(CC1)CCNC(=O)C2=CC3=C(C=C2)C(=O)N(C(=O)N3)CC4=CC=CC=C4F"""
428,44422187,FKCDNDBJVOQPJB-UHFFFAOYSA-N,"""CCC1CCCCN1CCNC(=O)C2=CC3=C(C=C2)C(=O)N(C(=O)N3)CC4=CC=C(C=C4)Cl"""
429,25196633,NNJAFUNKEIDAAF-UHFFFAOYSA-N,"""C1CCC(CC1)N2C(=O)C3=C(C=C(C=C3)C(=O)NCCN4CCCCC4)NC2=O"""
430,25196740,FALASSBEVXPICK-UHFFFAOYSA-N,"""CCCN1C(=O)C2=C(C=C(C=C2)C(=O)NCCN3CCCCC3)NC1=O"""
431,25196743,BKSKSEWIBBBRSQ-UHFFFAOYSA-N,"""C1CCN(CC1)CCNC(=O)C2=CC3=C(C=C2)C(=O)N(C(=O)N3)CC4=CC=C(C=C4)Cl"""
432,5280805,IKGXIBQEEMLURG-NVPNHPEKSA-N,"""CC1C(C(C(C(O1)OCC2C(C(C(C(O2)OC3=C(OC4=CC(=CC(=C4C3=O)O)O)C5=CC(=C(C=C5)O)O)O)O)O)O)O)O"""
433,122187,FNKBVTBXFLSTPB-LBPRGKRZSA-N,"""CCCN(CCC)C1CCC2=C(C=CC(=C2C1)O)F"""
434,10247701,OTPPYWCIUOIPCN-UHFFFAOYSA-N,"""C1CN(CCN1CCC2=CC3=C(C=C2)N=CN3)C4=CC=CC5=CC=CC=C54"""
435,44427872,HCPLJHRNFWGIEM-XSHQRCBMSA-L,"""C1C[N+]2(CC3=CCOC4C5C3CC2C1C5N(C6C7C8CC9C1(C7N4C2=CC=CC=C21)CC[N+]9(CC8=CCO6)CC1=CC=C(C=C1)[N+](=O)[O-])C1=CC=CC=C1)CC1=CC=C(C=C1)[N+](=O)[O-].[Br-].[Br-]"""
436,17758335,AKEMSLQKCWUTEN-UHFFFAOYSA-L,"""C[N+](C)(CC1=CC=C(C=C1)[N+](=O)[O-])CC2=C3CN4C(=C(C5=CC=CC=C54)C[N+](C)(C)CC6=CC=C(C=C6)[N+](=O)[O-])CN3C7=CC=CC=C72.[Br-].[Br-]"""
437,177491,VBOQYPQEPHKASR-VKHMYHEASA-N,"""C(CS(=O)(=O)O)C(C(=O)O)N"""
438,44427860,RATRRVRGHOXNQU-USTOHRNASA-L,"""CC=CC[N+]12CCC3C1CC4C5C3N(C6C7C8CC9C1(C7N(C5OCC=C4C2)C2=CC=CC=C21)CC[N+]9(CC8=CCO6)CC=CC)C1=CC=CC=C1.[Br-].[Br-]"""
439,44427885,UAMHUVZCGJSLHZ-ICRMOYGQSA-L,"""C[N+]12CCC34C1CC(C(=CCO)C2)C5=CN6C7C(=CN(C53)C8=CC=CC=C48)C9CC1C7(CC[N+]1(CC9=CCO)C)C1=CC=CC=C16.[Cl-].[Cl-]"""
440,44427864,MBYMMLFMGIPHJE-CGYIOGRBSA-L,"""C1CC=CC(C1)[N+]23CCC4C2CC5C6C4N(C7C8C9CC1C2(C8N(C6OCC=C5C3)C3=CC=CC=C32)CC[N+]1(CC9=CCO7)C1CCCC=C1)C1=CC=CC=C1.[Br-].[Br-]"""
441,17758320,BRIVIXLMMUIBJY-UHFFFAOYSA-N,"""CN1C=NC=C1CN2CC(CC3=C2C=CC(=C3)C#N)N(CC4CCN(CC4)C(=O)OC)S(=O)(=O)C5=CC=CC=N5"""
442,71720442,FBGLUXQASNAMOM-UHFFFAOYSA-N,"""CN(C)C1=CC2=C(C=C1)C(=C3C=CC(=[N+](C)C)C=C3O2)C4=C(C=C(C=C4)C(=O)NCCCCCNC(=O)CCN5C=C(C6=C5C=CC(=C6)O)CCN)C(=O)[O-]"""
443,71541072,KRCLPAGVJVBLJR-UHFFFAOYSA-N,"""CCCCCCCOC1=CC=C(C=C1)NC(=O)OC2=CC=CC(=C2)N3CCNCC3"""
444,23332842,RQAGIIPBHMAHTO-UHFFFAOYSA-N,"""CN(C)CCCN1C2=CC=CC=C2C(=C(C1=O)C#N)C3=CC=CC=C3"""
445,71658646,VGUIDVOAJKITDB-UHFFFAOYSA-N,"""CC1=C(C=C(C(=C1OC)COC)C(C)O)O"""
446,44437145,ZXWKLBTWUHVMTO-UHFFFAOYSA-N,"""CNCCC(C1=CC=CC=C1)OC2=CC=C(C=C2)S(F)(F)(F)(F)F"""
447,44437146,VUYJMSFPKOVHFI-UHFFFAOYSA-N,"""CCNC(C)CC1=CC(=CC=C1)S(F)(F)(F)(F)F"""
448,52912210,ZTGRWYMPQCQTHD-ONGXEEELSA-N,"""CC1C(CC(=O)N1CC(=O)N)C2=CC=CC=C2"""
449,50878551,HGRHWEAUHXYNNP-UHFFFAOYSA-N,"""COC1=CC2=C(C=C1)NC=C2CCN(CC=C)CC=C"""
450,25261456,PVTFEAGMCGMRRS-UHFFFAOYSA-N,"""CC1=NC(=NC(=N1)N2CCC(CC2)C(=O)NCC3=C(C=C(C=C3)Br)OC(F)(F)F)NC"""
451,23643874,YGBSUVPUXAMOTQ-UHFFFAOYSA-N,"""CC(CC1=CC(=CC=C1)S(F)(F)(F)(F)F)N"""
452,71746034,JAKRIQWSQWQJHM-UHFFFAOYSA-N,"""COC1=CC=C(C=C1)OCC2C3=C(CCN2C(=O)C4=CC(=CC=C4)Br)C=C(C=C3)OCC5=CC=CC=C5"""
453,71712466,LPYIFDLQYWSXGD-UHFFFAOYSA-N,"""CC(C)C1=NC2=C(C=CC=C2N1)C(=O)NCC3CCN(CC3)CC4CCN(CC4)C(=O)C"""
454,71712611,SMJJKUKILIABKV-UHFFFAOYSA-N,"""CS(=O)(=O)N1CCN(CC1)CC(CN2CCC(CC2)CNC(=O)C3=C4C(=CC=C3)NC=N4)O"""
455,71712613,ZMWMLWGNIHSFEN-UHFFFAOYSA-N,"""CS(=O)(=O)N1CCN(CC1)CC(CN2CCC(CC2)NC(=O)C3=C4C(=CC=C3)NC=N4)O"""
456,71714540,RGFKOYDSKUBPIE-UHFFFAOYSA-N,"""CCC1=NC2=C(C=CC=C2N1)C(=O)NCC3CCN(CC3)CC(CN4CCN(CC4)S(=O)(=O)C)O"""
457,71714541,XSOUQQFRYGKIGJ-UHFFFAOYSA-N,"""CC(C)C1=NC2=C(C=CC=C2N1)C(=O)NCC3CCN(CC3)CC(CN4CCN(CC4)S(=O)(=O)C)O"""
458,71714542,GKXVRBQVTDCQMA-UHFFFAOYSA-N,"""CS(=O)(=O)N1CCN(CC1)CC(CN2CCC(CC2)CNC(=O)C3=C4C(=CC=C3)NC(=N4)C5CC5)O"""
459,71714543,RCBBDNFCXSBDIT-UHFFFAOYSA-N,"""CC(C)(C)C1=NC2=C(C=CC=C2N1)C(=O)NCC3CCN(CC3)CC(CN4CCN(CC4)S(=O)(=O)C)O"""
460,71714544,RXKLPZCVAQKBQA-UHFFFAOYSA-N,"""CC(C1=NC2=C(C=CC=C2N1)C(=O)NCC3CCN(CC3)CC(CN4CCN(CC4)S(=O)(=O)C)O)(F)F"""
461,71712325,OPWPTXBWGBOQAM-UHFFFAOYSA-N,"""CS(=O)(=O)N1CCN(CC1)CC(CN2CCC(CC2)CNC(=O)C3=C4C(=CC=C3)NC(=N4)C5=CC=CC=C5)O"""
462,71712326,LTNICOZLLWAENB-UHFFFAOYSA-N,"""CC(C)C1=NC2=C(C=C(C=C2N1)Cl)C(=O)NCC3CCN(CC3)CC(CN4CCN(CC4)S(=O)(=O)C)O"""
463,71712327,HXAMYUTYZROIIP-UHFFFAOYSA-N,"""CC(C)C1=NC2=C(C=CC=C2N1)C(=O)NCC3CCN(CC3)CCN4CCN(CC4)S(=O)(=O)C"""
464,71712328,VGWMVWNOQKELRE-UHFFFAOYSA-N,"""CC(C)C1=NC2=C(C=CC=C2N1)C(=O)NCC3CCN(CC3)CCN4CCN(CC4)C(=O)OC"""
465,71712329,JHISKEZJFUUGOR-UHFFFAOYSA-N,"""CC(C)C1=NC2=C(C=CC=C2N1)C(=O)NCC3CCN(CC3)CCN4CCN(CC4)C(=O)C"""
466,71712463,INMZEMMKDSQLJN-UHFFFAOYSA-N,"""CC(C)C1=NC2=C(C=CC=C2N1)C(=O)NCC3CCN(CC3)CC(CN(C)S(=O)(=O)C)O"""
467,71712464,HKJSZEAARPYKSF-UHFFFAOYSA-N,"""CC(C)C1=NC2=C(C=CC=C2N1)C(=O)NCC3CCN(CC3)CC(CN(C)C(=O)OC)O"""
468,71712465,SWAXUQYHWXHRRQ-UHFFFAOYSA-N,"""CC(C)C1=NC2=C(C=CC=C2N1)C(=O)NCC3CCN(CC3)CC(CN(C)C(=O)C)O"""
469,66810955,HRBNJCZQEOOCBP-UHFFFAOYSA-N,"""CC(C)C1=NC2=C(C=CC=C2N1)C(=O)NCC3CCN(CC3)CC4CCN(CC4)S(=O)(=O)C"""
470,11961293,MZOITCJKGUIQEI-UHFFFAOYSA-N,"""CC(C)C1=NC2=C(C=CC=C2N1)C(=O)NCC3CCN(CC3)CC4CCN(CC4)C(=O)OC"""
471,21830793,MEKSQRMXWZHFIP-UHFFFAOYSA-N,"""CN1C(=O)C=NN(C1=O)CCCCN2CCN(CC2)C3=CC=CC=C3OC"""
472,72163432,RIYSYRWQPZAUDK-CAZKFNJPSA-N,"""C1C2CC3CC1CC(C2)(C3)C(=O)N4CC5CN(CC5C4)C6=CC=CC=N6"""
473,136244089,ZQRQLCVEOGQBJA-BUHFOSPRSA-N,"""C1C(N(N=C1C2=C(C3=CC=CC=C3NC2=O)C4=CC=C(C=C4)Br)C(=O)C=CC(=O)O)C5=CC=C(C=C5)Cl"""
474,136239492,PXQFOMCFQUXMBP-UHFFFAOYSA-N,"""C1C(N(N=C1C2=C(C3=CC=CC=C3NC2=O)C4=CC=C(C=C4)Cl)C(=O)CCC(=O)O)C5=CC=C(C=C5)Cl"""
475,73353884,VGYQUDBPYFLBLJ-PTCVETCVSA-N,"""C1C2C3CC4C2C5C1C3C(C45)NCC6=CC7=C(C=C6)OCO7"""
476,53245590,SWEOAXMICIJCQC-UHFFFAOYSA-N,"""COC1=CC=CC=C1N2CCN(CC2)C3=NC(=NC4=CC(=C(C=C43)OC)OC)C5CC5"""
477,73352414,OKCSFONJDXUZOU-CAUKCHDASA-N,"""C1CCC(CC1)CNC2C3C4CC5C2C6C3CC4C56"""
478,73355415,CHZUEGVOEFMIJH-ZKRSMWHSSA-N,"""C1C2C3CC4C2C5C1C3C(C45)NCC67C8C9C6C1C9C8C71"""
479,73350931,MPBJQDFYALBXED-CAUKCHDASA-N,"""CN(CC1=CC=CC=C1)C2C3C4CC5C3C(=O)C6C5C4C62"""
480,73346332,MSTPNDDVMWUDFF-CAUKCHDASA-N,"""CN(CC1=CC(=CC=C1)F)C2C3C4CC5C3C(=O)C6C5C4C62"""
481,73350932,LNTMHZZRTAQEJQ-CPVTZQMHSA-N,"""CN(CC1=CC(=C(C=C1)OC)OC)C2C3C4CC5C3C(=O)C6C5C4C62"""
482,73355416,LKFSLMWAVKMONG-KPCGFGSOSA-N,"""CN(CC1=CN=CC=C1)C2C3C4CC5C3C(=O)C6C5C4C62"""
483,73352415,IDXFKHDXIHNWAI-RAOGCBAWSA-N,"""CN(CCC1=CC=CC=C1)C2C3C4CC5C3C(=O)C6C5C4C62"""
484,73355417,ZWCQZHOWEDKJBN-CAUKCHDASA-N,"""C1C2C3CC4C2C5C1C3C(C45)NCC6=CC=CC=C6"""
485,73347825,KNBHNNRMMAKKFI-SEDVZXITSA-N,"""COC1=C(C=C(C=C1)CNC2C3C4CC5C2C6C3CC4C56)OC"""
486,73346334,KBAKPEFQDPCCTP-RAOGCBAWSA-N,"""C1C2C3CC4C2C5C1C3C(C45)NCCC6=CC=CC=C6"""
487,73347826,DUZKXKAAUHDBQA-CAUKCHDASA-N,"""C1C2C3CC4C2C5C1C3C(C45)NCCC6=CC=CC=N6"""
488,73349359,CPLYGLAQLNAQOI-SEDVZXITSA-N,"""COC1=CC(=CC(=C1OC)OC)CNC2C3C4CC5C2C6C3CC4C56"""
489,73347827,SGFPDDMJMPKKTB-RAOGCBAWSA-N,"""CN(CCC1=CC(=CC=C1)F)C2C3C4CC5C3C(=O)C6C5C4C62"""
490,73346335,DEOOAAFCKARVDM-CAUKCHDASA-N,"""CN(CCC1=CC=CC=N1)C2C3C4CC5C3C(=O)C6C5C4C62"""
491,73346336,QQUOSDRKLSIRED-DKSPCFMDSA-N,"""CN(CCCC1=CC(=CC=C1)F)C2C3C4CC5C3C(=O)C6C5C4C62"""
492,73347828,VNGQWOKKSKAESQ-RAOGCBAWSA-N,"""CN(CC1=CC=CC=C1)C2C3C4CC5C2C6C3CC4C56"""
493,73355418,JHFKLSFCMAHSDK-LLOIJXFCSA-N,"""CN(CC1=CC(=C(C=C1)OC)OC)C2C3C4CC5C2C6C3CC4C56"""
494,73349360,QHQJBDOHEUWLBB-CAUKCHDASA-N,"""CN(CC1=CN=CC=C1)C2C3C4CC5C2C6C3CC4C56"""
495,73349361,MJOVYQVAQIHDSE-DKSPCFMDSA-N,"""CN(CCC1=CC=CC=C1)C2C3C4CC5C2C6C3CC4C56"""
496,73355419,YLVXPEMITKSDOS-RAOGCBAWSA-N,"""CN(CCC1=CC=CC=N1)C2C3C4CC5C2C6C3CC4C56"""
497,73349362,CKFQOWSPJPMWEK-IINHSQADSA-N,"""CN(CCCC1=CC(=CC=C1)F)C2C3C4CC5C2C6C3CC4C56"""
498,73355420,ZFZXJOHWFSRUAO-LLOIJXFCSA-N,"""CN(CC1=CC(=C(C(=C1)OC)OC)OC)C2C3C4CC5C2C6C3CC4C56"""
499,73355421,SSQDVMAIIMMISV-SEDVZXITSA-N,"""CN(CC1=CC2=C(C=C1)OCO2)C3C4C5CC6C3C7C4CC5C67"""
500,73352416,BMHWWKPJPARTBN-RAOGCBAWSA-N,"""CN(CC1CCCCC1)C2C3C4CC5C2C6C3CC4C56"""
501,72714727,QFNMPNWOYBWECY-UHFFFAOYSA-N,"""C1C2=C(C=CC(=C2)Cl)NC(=N1)N.Cl"""
502,2159,NTJOBXMMWNYJFB-UHFFFAOYSA-N,"""CCN1CCCC1CNC(=O)C2=CC(=C(C=C2OC)N)S(=O)(=O)CC"""
503,50990953,AXVLPJHYYFHCHK-UHFFFAOYSA-N,"""CC1=CSC(=N1)NC(=O)C2=CC(=CC(=C2)F)OC3=CN=CN=C3"""
504,72793912,INPPXFAIFVJMMD-UHFFFAOYSA-N,"""CN(C1=CC=C(C=C1)C(F)(F)F)C(=O)CN2C3=C(C=CC(=C3)C4=CN=CC=C4)OC2=O"""
505,44427856,FPNPHDMTUDVXEY-ITAXXUCMSA-M,"""C=CC[N+]12CCC3C1CC4C5C3N(C6C7C8CC9C1(C7N(C5OCC=C4C2)C2=CC=CC=C21)CCN9CC8=CCO6)C1=CC=CC=C1.[Br-]"""
506,11584660,WIHMMKGUBDZGEG-UHFFFAOYSA-N,"""CC1=NC2=CC=CC(=C2C=C1)C3=NN=C(N3C)SCCCN4CCC5=C(CC4)C=C(C=C5)C6=CC(=NN6C)C"""
507,16721129,XYYGFCDTBHAUSN-UHFFFAOYSA-N,"""CN1CC(C2=C(C1)C=C(C=C2)OCCCN3CCOCC3)C4=CC=C(C=C4)SC"""
508,5280804,OVSQVDMCBVZWGM-QSOFNFLRSA-N,"""C1=CC(=C(C=C1C2=C(C(=O)C3=C(C=C(C=C3O2)O)O)OC4C(C(C(C(O4)CO)O)O)O)O)O"""
509,16038374,VHKBTPQDHDSBSP-UHFFFAOYSA-N,"""COC1=CC(=CC(=C1)NC(=O)C2=CC=C(O2)C3=CC=C(C=C3)Cl)OC"""
510,2906559,GKGCLPKLLFABEQ-UHFFFAOYSA-N,"""CN1CCN(CC1)C2=CC(=C(C=C2)[N+](=O)[O-])NCC3=CC=CO3"""
511,5281643,OVSQVDMCBVZWGM-DTGCRPNFSA-N,"""C1=CC(=C(C=C1C2=C(C(=O)C3=C(C=C(C=C3O2)O)O)OC4C(C(C(C(O4)CO)O)O)O)O)O"""
512,24742039,WOYCDVDURLTMAW-UHFFFAOYSA-N,"""CN(C)C1=CC=C(C=C1)C2=CN3C=C(C=CC3=N2)SC"""
513,11653141,DHZBNHMEIOBPAE-JVVVGQRLSA-N,"""CC(=O)N(CC1=CC=CC=C1OC)C2=C(C=CN=C2)OC3=CC=CC=C3"""
514,16005682,FVRUVTWIWLDBRH-RGEXLXHISA-N,"""CCOC1=CC=C(C=C1)NC=C(C2=CC(=NO2)C)C(=O)NC3=CC=CC=C3"""
515,11177588,YYFNNPXWRXQUPR-JVXNRYDGSA-N,"""C1=CC2=C(C=C1Br)NC=C2C=C3C(=O)NC(C(=O)N3)CCCN=C(N)N"""
516,44449362,HXRJTORFQVDPEI-LGMDPLHJSA-N,"""CCOC1=CC=C(C=C1)NC=C(C(=O)C2=CC=CC=C2Cl)C(=O)OCC"""
517,5450,QKDDJDBFONZGBW-UHFFFAOYSA-N,"""C1CCC(CC1)N=C(N2CCC(CC2)C3=CN=CN3)S"""
518,12741697,PKWXICSBZZLGCF-UHFFFAOYSA-N,"""CN1CCN(CC1)C2=NC3=C(C=C2)C=C(C=C3)Cl"""
519,1574,WYWNEDARFVJQSG-UHFFFAOYSA-N,"""CC1=C(C2=C(N1)C=CC(=C2)O)CCN"""
520,6918513,ZEYRDXUWJDGTLD-UHFFFAOYSA-N,"""CCC1=C(C2=C(N1)C=CC(=C2)OC)CCN(C)C"""
521,52899,TYAPSMFCSAKSOR-UHFFFAOYSA-N,"""CC1=C(C2=C(N1)C=CC(=C2)OC)CCN"""
522,238317,OXEFHEYEQUISKC-UHFFFAOYSA-N,"""C1CCN(C1)CCC2=CC=CC=N2"""
523,876,FFEARJCKVFRZRR-UHFFFAOYSA-N,"""CSCCC(C(=O)O)N"""
524,119380,ILLGYRJAYAAAEW-QMMMGPOBSA-N,"""CC1=NOC(=C1)C2CCCN2C"""
525,129150,MGGZDDQAOZEEDU-UHFFFAOYSA-N,"""C1CNCC1C2=CC=C(C=C2)Cl"""
526,6468,JTJMJGYZQZDUJJ-UHFFFAOYSA-N,"""C1CCC(CC1)(C2=CC=CC=C2)N3CCCCC3"""
527,55445,HTSNFXAICLXZMA-UHFFFAOYSA-N,"""CCCN1CCCC(C1)C2=CC(=CC=C2)O"""
528,9819593,FEROPKNOYKURCJ-ZDUSSCGKSA-N,"""COC1=CC(=C(C=C1C(=O)NC2CN3CCC2CC3)Cl)N"""
529,7333,OPNUROKCUBTKLF-UHFFFAOYSA-N,"""CC1=CC=CC=C1NC(=NC2=CC=CC=C2C)N"""
530,5191,FFNWMBDISAYHDC-UHFFFAOYSA-N,"""CCN(CC)CCOC(=O)C1=CC(=C(C=C1OC)N)Cl"""
531,5013,HOMWNUXPSJQSSU-UHFFFAOYSA-N,"""CN1CCN(CC1)C2=NC3=CC=CC=C3C=C2"""
532,3510,MFWNKCLOYSRHCJ-UHFFFAOYSA-N,"""CN1C2CCCC1CC(C2)NC(=O)C3=NN(C4=CC=CC=C43)C"""
533,6604914,FEROPKNOYKURCJ-CYBMUJFWSA-N,"""COC1=CC(=C(C=C1C(=O)NC2CN3CCC2CC3)Cl)N"""
534,14742526,TZUKARBKFHPFDV-UHFFFAOYSA-N,"""CC1=C(N=CN1)CC2=NC(=CS2)C3=CNC4=CC=CC=C43"""
535,2737193,NZXGDKLTTHIYTB-UHFFFAOYSA-N,"""C1CN(CCN1)C2=NC3=CC=CC=C3N2"""
536,6426760,ZUTQCPBDRJBADG-UHFFFAOYSA-N,"""C1CN(CCN1CCCC2=CNC3=C2C=C(C=C3)N4C=NN=C4)CCC5=CC(=CC=C5)F"""
537,74820,SYMHUEFSSMBHJA-UHFFFAOYSA-N,"""CC1=C2C(=NC=N2)N=CN1"""
538,60761,RWXRJSRJIITQAK-UHFFFAOYSA-N,"""CN1C2CCC1CC(C2)NC(=O)N3C4=CC=CC=C4NC3=O"""
539,6850813,VHGCDTVCOLNTBX-UHFFFAOYSA-N,"""CC1=CC=CC=C1OC(CCNC)C2=CC=CC=C2"""
540,89594,SNICXCGAKADSCV-JTQLQIEISA-N,"""CN1CCCC1C2=CN=CC=C2"""
541,19786480,UBXGZTRRRHVEAJ-UHFFFAOYSA-N,"""C1CN(CCN1)C2=NC3=CC=CC=C3N2CC4=CC=C(C=C4)F"""
542,44307976,RGLVXEXQIZDZCD-UHFFFAOYSA-N,"""C1CN(CCN1)C2=NC3=CC=CC=C3N2CCCC4=CC=CC=C4"""
543,44307991,ADYMTDFOOCWUHC-UHFFFAOYSA-N,"""C1CN(CCN1)C2=NC3=CC=CC=C3N2CCC4=CC=CC=C4"""
544,9287,QSQQQURBVYWZKJ-UHFFFAOYSA-N,"""CC(CC1=CNC2=CC=CC=C21)N"""
545,76331583,BXTUHNWXQLWICJ-DIXMSKSGSA-L,"""C=CC[N+]12CCC34C1CC(C(=CCO)C2)C5=CN6C7C(=CN(C53)C8=CC=CC=C48)C9CC1C7(CC[N+]1(CC9=CCO)CC=C)C1=CC=CC=C16.[Br-].[Br-]"""
546,72698087,RVXJKDQROPYYOF-UHFFFAOYSA-N,"""C1CN(CCC1COC2=C3C=CC=NC3=C4C=CC=C(C4=N2)F)CCC(F)(F)F"""
547,72698088,YKBQHBXRXWGQIZ-UHFFFAOYSA-N,"""C1CN(CCC1COC2=C3C=CC=NC3=C4C=CC=C(C4=N2)F)CCCC(F)(F)F"""
548,76320939,NHUZHVAPAIJQRS-UHFFFAOYSA-N,"""C1=CC(=CC=C1CN)OCC2=CC=C(C=C2)Cl.Cl"""
549,72736159,KKYAPAJUTFYVRD-UHFFFAOYSA-N,"""C1=CC=C(C(=C1)COC2=CC=C(C=C2)CN)OC(F)(F)F.Cl"""
550,72736161,XVKBXJCHXRLYAQ-UHFFFAOYSA-N,"""C1=CC(=CC(=C1)OC(F)(F)F)COC2=CC=C(C=C2)CN.Cl"""
551,72736163,NLGKYLSBSOGION-UHFFFAOYSA-N,"""C1=CC(=CC=C1CN)OCC2=CC=C(C=C2)OC(F)(F)F.Cl"""
552,16413946,RSZFCDGHJLBYEB-UHFFFAOYSA-N,"""C1=CC=C(C=C1)COC2=CC=C(C=C2)C[NH3+].[Cl-]"""
553,75414421,VCEAPZBMHGKMHI-UHFFFAOYSA-N,"""C1=CC=C(C(=C1)COC2=CC=C(C=C2)CN)F.Cl"""
554,47003377,CYPDLWIUOMSUJR-UHFFFAOYSA-N,"""C1=CC(=CC(=C1)F)COC2=CC=C(C=C2)CN.Cl"""
555,76317227,YYONFKYBFNEIKC-UHFFFAOYSA-N,"""C1=CC(=CC=C1CN)OCC2=CC=C(C=C2)F.Cl"""
556,76317228,UZVSKGBBGCJIRV-UHFFFAOYSA-N,"""C1=CC(=CC(=C1)Cl)COC2=CC=C(C=C2)CN.Cl"""
557,25060119,VDWKDBPHAPPUBO-UHFFFAOYSA-N,"""COC1=C(C=C(C=C1)CNC(=O)C2=C(N=CC(=C2)C3=CC(=CC(=C3)Cl)Cl)C4=CN=CC=C4)OC"""
558,21509921,DVSMVUMYJDOPJQ-UHFFFAOYSA-N,"""CN1CCC2=C(C1)C3=CC=CC4=C3N2C5=CC=CC=C5CC4"""
559,73213195,RQBRUGMHSQYCNU-UHFFFAOYSA-N,"""CN1CCC2=C(C1)C3=CC=CC4=C3N2CC5=CC=CC=C5C4"""
560,73213196,XKGPHJMKJBEURD-UHFFFAOYSA-N,"""CN1CCC2=C(C1)C3=C4N2CCC5=CC=CC=C5C4=CC=C3"""
561,778,FFFHZYDWPBMWHY-UHFFFAOYSA-N,"""C(CS)C(C(=O)O)N"""
562,5684,SBPRIAGPYFYCRT-UHFFFAOYSA-N,"""COC1=CC=CC=C1N2CCN(CC2)CCN(C3=CC=CC=N3)C(=O)C4CCCCC4"""
563,10035109,YXPIBYSOCFGTHG-UHFFFAOYSA-N,"""CN1CCN=C1CC2=CN=CC=C2"""
564,68544797,MTATYSOUXXNXHF-UHFFFAOYSA-N,"""C1CN(CCN1)CC2=C3C=CN(C3=CC=C2)S(=O)(=O)C4=CC=CC=C4Br.Cl.Cl"""
565,90664904,KWSJSWCQZPEIPC-LQVXLWKRSA-N,"""CCC12CCCN3C1C4(CC3)C5CCCCC5NC4C(C2)C(=O)OC.Cl.Cl"""
566,75306277,YVENIGOVHPMTDH-UHFFFAOYSA-N,"""CN1CCC2C(C1)C3=C4N2C5=CC=CC=C5CSC4=CC=C3"""
567,90654832,QOUMVERMRHELNG-UHFFFAOYSA-N,"""CN1C(=O)C(N(C1=O)CCCCCN2CCN(CC2)C3=CC=CC=C3)(C4=CC=CC=C4)C5=CC=CC=C5.Cl"""
568,90654835,IVCAEPYRFIZWLG-UHFFFAOYSA-N,"""CC1(C(=O)N(C(=O)N1CCCCCN2CCN(CC2)C3=CC=CC=C3OC)C)C4=CC=CC=C4.Cl"""
569,90654837,ILVAWRRDRHCBOI-UHFFFAOYSA-N,"""CC1(C(=O)N(C(=O)N1CCCCCN2CCN(CC2)C3=CC=CC=C3)CC4=CC=CC=C4)C.Cl"""
570,90654851,JFMXQIZKNMCOKW-UHFFFAOYSA-N,"""CC1(C(=O)N(C(=O)N1CCCCCN2CCN(CC2)C3=CC=C(C=C3)F)CC4=CC=C(C=C4)F)C.Cl"""
571,90654853,WICBFQOIMPMYDE-UHFFFAOYSA-N,"""CC1(C(=O)N(C(=O)N1CCCCCN2CCN(CC2)C3=C(C(=CC=C3)Cl)Cl)CC4=C(C=C(C=C4)Cl)Cl)C.Cl"""
572,86288947,SZNATCJGGOZJDA-UHFFFAOYSA-N,"""CC1(C(=O)N(C(=O)N1)CC(CN2CCN(CC2)C3=CC=CC=C3OC)O)C4=CC=C(C=C4)F.Cl"""
573,72703256,JIGWWGDIEUWCOR-UHFFFAOYSA-N,"""C1CN2CCC1N(CC2)C3=CC4=C(C=C3)C5=C(S4(=O)=O)C(=CC=C5)F"""
574,72703257,TYQSTXACTJXVQJ-UHFFFAOYSA-N,"""C1CN2CCC1N(CC2)C3=CC4=C(C=C3)C5=C(S4(=O)=O)C=C(C=C5)F"""
575,72703471,RCCDDPHPJBBTOH-UHFFFAOYSA-N,"""C1CN2CCC1N(CC2)C3=CC4=C(C=C3)C5=C(S4(=O)=O)C=CC(=C5)F"""
576,72703472,BKRDDYIAVADMIJ-UHFFFAOYSA-N,"""C1CN2CCC1N(CC2)C3=C(C4=C(C=C3)C5=CC=CC=C5S4(=O)=O)F"""
577,72703473,WITLOMKPGROHOE-UHFFFAOYSA-N,"""C1CN2CCC1N(CC2)C3=C4C5=CC=CC=C5S(=O)(=O)C4=C(C=C3)F"""
578,72702857,CTXSDFAIKXRHJK-UHFFFAOYSA-N,"""C1CN2CCC1N(CC2)C3=CC4=C(C=C3)C5=C(S4(=O)=O)C(=CC=C5)[N+](=O)[O-]"""
579,72702858,WBOQGKDOKBETNS-UHFFFAOYSA-N,"""C1CN2CCC1N(CC2)C3=CC4=C(C=C3)C5=C(S4(=O)=O)C=CC(=C5)[N+](=O)[O-]"""
580,72702861,BJNBJBFZIZJIQH-UHFFFAOYSA-N,"""C1CN2CCC1N(CC2)C3=CC4=C(C=C3)C5=C(S4(=O)=O)C(=CC=C5)I"""
581,72703052,FVYGPOGSXRAZEB-UHFFFAOYSA-N,"""C1CN2CCC1N(CC2)C3=CC4=C(C=C3)C5=C(S4(=O)=O)C=CC(=C5)I"""
582,69937258,IYUQYZMILCFRJI-INIZCTEOSA-N,"""C1CN2CCC1C(C2)N3CCN4C=CC5=C4C(=CC=C5)C3=O"""
583,69937236,IYUQYZMILCFRJI-MRXNPFEDSA-N,"""C1CN2CCC1C(C2)N3CCN4C=CC5=C4C(=CC=C5)C3=O"""
584,69937087,VVNHBZRFRXWLFQ-QGZVFWFLSA-N,"""CC1=CN2CCN(C(=O)C3=CC(=CC1=C32)Cl)C4CN5CCC4CC5"""
585,49843532,MBYAMJFNDALRJQ-OAHLLOKOSA-N,"""C1CN2CCC1C(C2)N3CCN4C5=C(C=CC=C5C3=O)C=N4"""
586,66898814,WLINCFBAKQHMPZ-OAHLLOKOSA-N,"""C1CN2CCC1C(C2)N3CCN4C5=C(C=C(C=C5C3=O)F)C=N4"""
587,69937162,JBVRKZZSTULWTO-OAHLLOKOSA-N,"""C1CN2CCC1C(C2)N3CCN4C5=C(C=C(C=C5C3=O)Cl)C=N4"""
588,70896220,RBNIAPFMQOKNBD-MRXNPFEDSA-N,"""CC1=CC2=C3C(=C1)C(=O)N(CCN3N=C2)C4CN5CCC4CC5"""
589,66898172,XDJFTOOYWJXAAZ-MRXNPFEDSA-N,"""COC1=CC2=C3C(=C1)C(=O)N(CCN3N=C2)C4CN5CCC4CC5"""
590,69937257,UWHBCOHEASCLEA-CQSZACIVSA-N,"""C1CN2CCC1C(C2)N3CCN4C5=C(C3=O)C=CC=C5NC4=O"""
591,69937654,FOVPMEXFLUOBRL-CQSZACIVSA-N,"""C1CN2CCC1C(C2)N3CCN4C5=C(C3=O)C=CC=C5NS4(=O)=O"""
592,59671497,OIZPYIZBDYGMNM-UHFFFAOYSA-N,"""C1CN(C(CN1)COC2=CN=CC=C2)C3=NC4=CC=CC=C4O3"""
593,90255072,DQNDQNJPABVUOS-BTQNPOSSSA-N,"""C1CN(C(CN1)COC2=CN=CC=C2)C3=NC4=C(O3)C=CC(=C4)Br.Cl"""
594,66797369,ZWCUBSOPHPGVRD-UTONKHPSSA-N,"""C1CN(C(CN1)COC2=CN=CC=C2)C3=NC4=C(O3)C=CC=N4.Cl"""
595,66797847,WVUAJTKMQULXHI-BTQNPOSSSA-N,"""COC1=CC2=C(C=C1)N=C(S2)N3CCNCC3COC4=CN=CC=C4.Cl"""
596,66797138,ABWJEIIFONCFKT-UHFFFAOYSA-N,"""C1CN(C(CN1)COC2=CN=CC=C2)C3=NC4=C(C=CC=C4S3)F.Cl"""
597,66796902,MXHSBCKYMYQTPI-UHFFFAOYSA-N,"""C1CN(C(CN1)COC2=CN=CC=C2)C3=NC4=C(C=C(C=C4S3)F)F.Cl"""
598,90643563,CBIFADZHFPXCGB-UHFFFAOYSA-N,"""COC1=CC=C(C=C1)OC(=O)N2CCNCC2COC3=CN=CC=C3.Cl"""
599,90643569,GYVJDAOHVCIKJN-UHFFFAOYSA-N,"""COC1=CC=C(C=C1)NC(=O)N2CCNCC2COC3=CN=CC=C3.Cl"""
600,90643571,GYVJDAOHVCIKJN-RSAXXLAASA-N,"""COC1=CC=C(C=C1)NC(=O)N2CCNCC2COC3=CN=CC=C3.Cl"""
601,90643575,YXVBKPDMQWCFGZ-UHFFFAOYSA-N,"""COC1=C(C=C(C=C1)NC(=O)N2CCNCC2COC3=CN=CC=C3)Cl.Cl"""
602,90643578,DSBWLGAVGSZBLW-UHFFFAOYSA-N,"""CC1=C(C=CC(=C1)NC(=O)N2CCNCC2COC3=CN=CC=C3)Br.Cl"""
603,90643579,GGWDKUQZZHJDPZ-UHFFFAOYSA-N,"""C1CN(C(CN1)COC2=CN=CC=C2)C(=O)NC3=C(C=C(C=C3)Br)F.Cl"""
604,90643581,ULCUTKYYKKNHQX-UHFFFAOYSA-N,"""C1CN(C(CN1)COC2=CN=CC=C2)C(=O)NC3=CC=C(C=C3)C(=O)C4=CC=CC=C4.Cl"""
605,90656714,MRARYZFWVQTTTE-UHFFFAOYSA-N,"""C1CN(CCN1CCC2=CNC3=C2C=C(C=C3)O)C4=CC=CC=C4"""
606,90656711,LGZBUKYZDPMWQV-UHFFFAOYSA-N,"""C1CN(CCN1CCC2=CNC3=C2C=C(C=C3)O)C4=CC=CC5=CC=CC=C54"""
607,90656685,DJAHTVFQLSUHKT-UHFFFAOYSA-N,"""CN(CCCN1CCN(CC1)C2=CC=CC=C2)C3=CC(=CC=C3)O"""
608,90656692,QDZASJHLCZFYMF-UHFFFAOYSA-N,"""CN(C1=CC(=CC=C1)O)C(=O)CCCCCN2CCN(CC2)C3=CC=CC4=CC=CC=C43.Cl"""
609,90643887,AOYJKNKRKBOUAP-UHFFFAOYSA-N,"""CC1=C(C=CC(=C1O)C(=O)CC(C)(C)C)OCCCCOC2=C(C=CC(=C2)C(=O)O)OC"""
610,14742528,OJGZHBJNBKIPHW-UHFFFAOYSA-N,"""CC1=C(N=CN1)CC2=NC(=CS2)C3=CC=CC=C3F"""
611,118706244,RQPAEAIGXOANQF-UHFFFAOYSA-N,"""CC1=CC2=CC(=C(C(=C2C(=O)O1)O)O)CCC(=O)OC"""
612,118706800,PLIHWCCORFZAAL-WLHGVMLRSA-N,"""CCOC(=O)N1CCC(CC1)CN2CCC3(CC2)CN(C4=C3C=CC=N4)C(=O)N(C)C.C(=CC(=O)O)C(=O)O"""
613,743974,FQUAFMNPXPXOJE-UHFFFAOYSA-N,"""CC1=CC(=C(C(=C1)C)NS(=O)(=O)C2=CC=C(C=C2)OC)C"""
614,72550642,JUVUVFRLXMQWRG-UHFFFAOYSA-N,"""COC1=CC=CC=C1N2CCN(CC2)CCCCC(=O)NCC3=CC=CC=C3C4=CC=CC=C4Cl"""
615,72550645,IAKYDYYOYGXWAX-UHFFFAOYSA-N,"""COC1=CC=CC=C1N2CCN(CC2)CCCCCC(=O)NCC3=CC=CC=C3C4=CC=CC=C4Cl"""
616,54767240,KEGBICCDHKITSP-UHFFFAOYSA-N,"""CN(C)CCC(C1=CC(=C(C=C1)Cl)Cl)N2CCOCC2"""
617,119376,MOZPSIXKYJUTKI-UHFFFAOYSA-N,"""CN1C=C(C2=CC=CC=C21)C(=O)OCC3CCN(CC3)CCNS(=O)(=O)C"""
618,132337,GAYSOZKZPOVDSB-HZMBPMFUSA-N,"""COC1=CC(=C(C=C1C(=O)NCC2CCN3C2CCC3)Cl)N"""
619,177336,KVCSJPATKXABRQ-UHFFFAOYSA-N,"""CCCCN1CCC(CC1)CNC(=O)C2=C3N(CCCO3)C4=CC=CC=C42"""
620,122178129,PWDBREUBRYUEGC-BTJKTKAUSA-N,"""CC(C)N1CCN(CC1)C(=O)C2=CC=C(C=C2)CN3CCOCC3.C(=CC(=O)O)C(=O)O"""
621,59218182,ABJWJGMTLYSISP-UHFFFAOYSA-N,"""C1CC(C1)N2CCN(CC2)C(=O)C3=CC=C(C=C3)CN4CCOCC4"""
622,122178130,MRTJHEDYFUFHHQ-UHFFFAOYSA-N,"""C1CC1N2CCN(CC2)C(=O)C3=CC=C(C=C3)CN4CCOCC4.Cl"""
623,122186880,XYYAWEJOUNEPTR-UHFFFAOYSA-N,"""CN1CC(C2=CC(=C(C3=C2C1CC4=CC5=C(C=C43)OCO5)OC)OC)C6=CC=CC=C6"""
624,122186881,CZFCLBXCYDIEPT-UHFFFAOYSA-N,"""CCOC1=C(C=C2C(CN(C3C2=C1C4=CC5=C(C=C4C3)OCO5)C)C6=CC=CC=C6)OC"""
625,122187375,WMUMDPMAVBGKFH-UHFFFAOYSA-N,"""CCCOC1=C(C=C2C(CN(C3C2=C1C4=CC5=C(C=C4C3)OCO5)C)C6=CC=CC=C6)OC"""
626,122187376,KZDZYBKXTRADGE-UHFFFAOYSA-N,"""CCCCOC1=C(C=C2C(CN(C3C2=C1C4=CC5=C(C=C4C3)OCO5)C)C6=CC=CC=C6)OC"""
627,122187377,FESBEMCDUCWSRS-UHFFFAOYSA-N,"""CCCCCCOC1=C(C=C2C(CN(C3C2=C1C4=CC5=C(C=C4C3)OCO5)C)C6=CC=CC=C6)OC"""
628,122187378,CYJCXWNNMRXTFZ-UHFFFAOYSA-N,"""CN1CC(C2=CC(=C(C3=C2C1CC4=CC5=C(C=C43)OCO5)OCC6CC6)OC)C7=CC=CC=C7"""
629,122187379,PFRJZRVFRYEUFK-UHFFFAOYSA-N,"""CN1CC(C2=CC(=C(C3=C2C1CC4=CC5=C(C=C43)OCO5)OCC=C)OC)C6=CC=CC=C6"""
630,122187380,VOXGFSUNUJCBDG-UHFFFAOYSA-N,"""CN1CC(C2=CC(=C(C3=C2C1CC4=CC5=C(C=C43)OCO5)OCC6=CC=C(C=C6)Br)OC)C7=CC=CC=C7"""
631,122187381,GCHJSHYKQQLMEH-UHFFFAOYSA-N,"""CN1CC(C2=CC(=C(C3=C2C1CC4=CC5=C(C=C43)OCO5)O)OC)C6=CC=CC=C6"""
632,122187382,IKCBNRBKMJGBBJ-UHFFFAOYSA-N,"""CCN1CC(C2=CC(=C(C3=C2C1CC4=CC5=C(C=C43)OCO5)OC)OC)C6=CC=CC=C6"""
633,122187383,OOEBRLFRLPWAPM-UHFFFAOYSA-N,"""COC1=C(C2=C3C(CC4=CC5=C(C=C42)OCO5)N(CC(C3=C1)C6=CC=CC=C6)CC7CC7)OC"""
634,121513880,KORKKQLDGMHNKO-UHFFFAOYSA-N,"""CC(C)N1CCN(CC1)S(=O)(=O)C2=CC=C(C=C2)NC(=O)C3=C(C=C(C=C3)C(F)(F)F)[N+](=O)[O-]"""
635,10316297,YQSXXLHEQOZMOT-UHFFFAOYSA-N,"""C1CN(CCN1CCC2=CC3=NNN=C3C=C2)C4=CC=CC5=CC=CC=C54"""
636,122195524,AJIMVLSQIMXLNV-UHFFFAOYSA-N,"""CN1CCC2=CC(=C(C3=C2C1CC4=CC5=C(C=C43)OCO5)OCC6=CC=C(C=C6)Br)OC"""
637,57989461,GDMKKRJGHYVUND-MRXNPFEDSA-N,"""CN1C2=CC=CC3=C2C(=N1)CCN(C3=O)C4CN5CCC4CC5"""
638,10131112,BPPGPYJBCVXILI-UHFFFAOYSA-N,"""CC1=C(C2=C(N1)C=CC(=C2)Cl)C3=CCNCC3"""
639,17982621,SSOHJAKQLOENEM-UHFFFAOYSA-N,"""C1CN2CCC1C(C2)NC(=O)C3=CC4=CC=CC=C4S3"""
640,595,LEVWYRKDKASIDU-UHFFFAOYSA-N,"""C(C(C(=O)O)N)SSCC(C(=O)O)N"""
641,70896177,UYSKPMCDNLQXLI-QGZVFWFLSA-N,"""CC1=CN2CCN(C(=O)C3=CC=CC1=C32)C4CN5CCC4CC5"""
642,69937553,ZFBWQZNTQCGSCO-KRWDZBQOSA-N,"""C1CN2C=CC3=C2C(=CC=C3)C(=O)N(C1)C4CN5CCC4CC5"""
643,69937160,ZFBWQZNTQCGSCO-QGZVFWFLSA-N,"""C1CN2C=CC3=C2C(=CC=C3)C(=O)N(C1)C4CN5CCC4CC5"""
644,49871999,WLINCFBAKQHMPZ-UHFFFAOYSA-N,"""C1CN2CCC1C(C2)N3CCN4C5=C(C=C(C=C5C3=O)F)C=N4"""
645,90348640,CSONPSGXWWHUTD-UHFFFAOYSA-N,"""C1CN2CCC1C(C2)N3CCN4C5=C(C=C(C=C5C3=O)CO)C=N4"""
646,49872001,RBNIAPFMQOKNBD-UHFFFAOYSA-N,"""CC1=CC2=C3C(=C1)C(=O)N(CCN3N=C2)C4CN5CCC4CC5"""
647,49872002,XWUPGTBREYOJFJ-UHFFFAOYSA-N,"""C1CN2CCC1C(C2)N3CCN4C5=C(C=C(C=C5C3=O)O)C=N4"""
648,70896232,YLPZXKURYOEIQJ-OAHLLOKOSA-N,"""C1CN2CCC1C(C2)N3CCN4C=NC5=CC=CC(=C54)C3=O"""
649,69937646,LGLCKEXISVFUDS-MRXNPFEDSA-N,"""CCC1=NC2=CC=CC3=C2N1CCN(C3=O)C4CN5CCC4CC5"""
650,70896274,NRGNXBSNUWZEIJ-HXUWFJFHSA-N,"""C1CN2CCC1C(C2)N3CCN4C5=C(C3=O)C=CC=C5N=C4C6=CC=CC=C6"""
651,69937187,KACRUIFNMDGLQB-HXUWFJFHSA-N,"""C1CN2CCC1C(C2)N3CCN4C5=C(C3=O)C=CC=C5N=C4C6=CC=CC=C6Cl"""
652,70935773,HFEFUMDVHZMGPE-UHFFFAOYSA-N,"""C1CN(C(=O)C2=C3C1=CN(C3=CC=C2)CC4=CC=C(C=C4)CO)CC56CCN(CC5)CC6"""
653,49872192,FKHIPVXDHNZSRM-UHFFFAOYSA-N,"""C1CN(C(=O)C2=C3C1=CNC3=CC=C2)CC45CCN(CC4)CC5"""
654,49872193,DUFOURYPCWYIEE-UHFFFAOYSA-N,"""C1CN2CCC1(CC2)CN3CC4=C5C(=NN4)C=CC=C5C3=O"""
655,49872194,FQYWZZQVOSFYHI-UHFFFAOYSA-N,"""C1CN2CCC1C(C2)CN3CC4=C5C(=NN4)C=CC=C5C3=O"""
656,49872195,MUFQWBWNQHXWKT-UHFFFAOYSA-N,"""C1CN2CCC1(CC2)CN3CCN4C5=C(C=CC=C5C3=O)C=N4"""
657,49872196,TVQVUCVKRZJIOB-UHFFFAOYSA-N,"""C1CN2CCC1C(C2)CN3CCC4=C5C(=NN4)C=CC=C5C3=O"""
658,90699698,ZTVHPOWKVOPISB-HNNXBMFYSA-N,"""CN1C2=CC=CC3=C2C(=CN(C3=O)C4CN5CCC4CC5)N1"""
659,91373465,ATTAPIQZQXPNMZ-AWEZNQCLSA-N,"""C1CN2CCC1C(C2)N3C=C4C5=C(C3=O)C=CC=C5NN4"""
660,91121998,ATTAPIQZQXPNMZ-CQSZACIVSA-N,"""C1CN2CCC1C(C2)N3C=C4C5=C(C3=O)C=CC=C5NN4"""
661,90832536,ZTVHPOWKVOPISB-OAHLLOKOSA-N,"""CN1C2=CC=CC3=C2C(=CN(C3=O)C4CN5CCC4CC5)N1"""
662,91390005,WTFBVGQGFZBITI-HNNXBMFYSA-N,"""CN1C2=CC(=CC3=C2C(=CN(C3=O)C4CN5CCC4CC5)N1)F"""
663,91245757,UCBSZTBOXRRYMN-INIZCTEOSA-N,"""CCN1C2=CC=CC3=C2C(=CN(C3=O)C4CN5CCC4CC5)N1"""
664,91059752,UCBSZTBOXRRYMN-MRXNPFEDSA-N,"""CCN1C2=CC=CC3=C2C(=CN(C3=O)C4CN5CCC4CC5)N1"""
665,90746657,WTASBJPDMWMMEL-KRWDZBQOSA-N,"""CC(C)N1C2=CC=CC3=C2C(=CN(C3=O)C4CN5CCC4CC5)N1"""
666,91589146,WTASBJPDMWMMEL-QGZVFWFLSA-N,"""CC(C)N1C2=CC=CC3=C2C(=CN(C3=O)C4CN5CCC4CC5)N1"""
667,90943510,HPMOOCNWTGBYIG-GOSISDBHSA-N,"""CC(C)CN1C2=CC=CC3=C2C(=CN(C3=O)C4CN5CCC4CC5)N1"""
668,91291625,NJXILISOPRFRLR-NRFANRHFSA-N,"""C1CN2CCC1C(C2)N3C=C4C5=C(C3=O)C=CC=C5N(N4)CC6=CC=CC=C6"""
669,91120021,YKQUIJWABGQLEP-FQEVSTJZSA-N,"""C1CN2CCC1C(C2)N3C=C4C5=C(C3=O)C=CC=C5N(N4)C6=CC=C(C=C6)F"""
670,91540435,YKQUIJWABGQLEP-HXUWFJFHSA-N,"""C1CN2CCC1C(C2)N3C=C4C5=C(C3=O)C=CC=C5N(N4)C6=CC=C(C=C6)F"""
671,68197168,LNCMYWGGZAEHIK-UHFFFAOYSA-N,"""CN1CC2CCCC1CC(C2)N3CC4=CN(C5=CC=CC(=C45)C3=O)C"""
672,90963688,NXSYJBVNYHBHHG-FQEVSTJZSA-N,"""C1CN2CCC1C(C2)N3C=C4C5=C(C3=O)C=CC=C5N(N4)C6=CC=C(C=C6)Cl"""
673,90744300,GTOVOFHFJNASEM-NRFANRHFSA-N,"""COC1=CC=C(C=C1)N2C3=CC=CC4=C3C(=CN(C4=O)C5CN6CCC5CC6)N2"""
674,91449475,PBZWPISSKGJWPR-AWEZNQCLSA-N,"""C1CN2CCC1C(C2)N3C=C4C5=C(C3=O)C=C(C=C5NN4)Br"""
675,91064603,BZPUAHCKXAJNIM-UHFFFAOYSA-N,"""CN1C2CCCC1CC(C2)N3C=C4C5=C(C3=O)C=CC=C5N(N4)C"""
676,57989460,WHLXDRXTKZLGFK-OAHLLOKOSA-N,"""C1CN2CCC1C(C2)N3CCC4=C5C(=NN4)C=CC=C5C3=O"""
677,57989466,USMXSRUHBDFPEM-QGZVFWFLSA-N,"""CCN1C2=CC=CC3=C2C(=N1)CCN(C3=O)C4CN5CCC4CC5"""
678,57989453,ZAHAKXSHZSSPOF-GOSISDBHSA-N,"""CC(C)N1C2=CC=CC3=C2C(=N1)CCN(C3=O)C4CN5CCC4CC5"""
679,57989450,MEYSSICNMCKUSB-JOCHJYFZSA-N,"""C1CN2CCC1C(C2)N3CCC4=NN(C5=CC=CC(=C45)C3=O)CC6=CC=CC=C6"""
680,57989457,WHLXDRXTKZLGFK-HNNXBMFYSA-N,"""C1CN2CCC1C(C2)N3CCC4=C5C(=NN4)C=CC=C5C3=O"""
681,57989465,IANJVKHDSMUIRT-QGZVFWFLSA-N,"""CN1C=C2CCN(C(=O)C3=C2C1=CC=C3)C4CN5CCC4CC5"""
682,57989455,RBGMTAOTVOHILH-HSZRJFAPSA-N,"""C1CN2CCC1C(C2)N3CCC4=CN(C5=CC=CC(=C45)C3=O)CC6=CC=CC=C6"""
683,57989467,WHVZPNITVJSAMC-INIZCTEOSA-N,"""C1CN2CCC1C(C2)N3CCC4=CNC5=CC=CC(=C45)C3=O"""
684,57989451,IANJVKHDSMUIRT-KRWDZBQOSA-N,"""CN1C=C2CCN(C(=O)C3=C2C1=CC=C3)C4CN5CCC4CC5"""
685,57989454,RBGMTAOTVOHILH-QHCPKHFHSA-N,"""C1CN2CCC1C(C2)N3CCC4=CN(C5=CC=CC(=C45)C3=O)CC6=CC=CC=C6"""
686,44539839,LSNUXVIISZOERE-UHFFFAOYSA-N,"""CN1C=C2CCN(C(=O)C3=C2C1=CC=C3)C4CC5CCCC(C4)N5C"""
687,91543528,JTKYQKMRKDHHPR-UHFFFAOYSA-N,"""CN1C2CCC1CC(C2)N3C=C4C5=C(C3=O)C=CC=C5N(N4)C"""
688,57989452,IQMIOVIDFWQLDA-JOCHJYFZSA-N,"""C1CN2CCC1C(C2)N3CCC4=CN(C5=CC=CC(=C45)C3=O)S(=O)(=O)C6=CC=CC=C6"""
689,44422208,WHHXYDWPIRKEHF-UHFFFAOYSA-N,"""C1COCCN1CCNC(=O)C2=CC3=C(C=C2)C(=O)N(C(=O)N3)C4=CC=C(C=C4)F"""
690,44419820,BJPAAUARTYANJL-UHFFFAOYSA-N,"""CN1C(=C(C(=C1N2CCNCC2)C3=CC=NC=C3)C4=CC=C(C=C4)F)C(=O)OC"""
691,16066792,PRICKWSOIKQPFF-UHFFFAOYSA-N,"""CCC1CCCCN1CCCNC(=O)C2=CC3=C(C=C2)C(=O)N(C(=O)N3)CC4=CC=C(C=C4)Cl"""
692,11543786,AFLJKKMTBWNZFE-AWEZNQCLSA-N,"""C1CN2CCC1C(C2)NC(=O)C3=CC4=C(C=C3)C=CS4"""
693,9943346,CXDMUUBLDHSHNL-AWEZNQCLSA-N,"""C1CN2CCC1C(C2)NC(=O)C3=CC4=C(C=C3)OC=C4"""
694,10445840,LGWFAAILRNJWJB-AWEZNQCLSA-N,"""C1CN2CCC1C(C2)NC(=O)C3=CC4=C(C=C3)C=CO4"""
695,44408895,YUIBGCSVGUWIHQ-UHFFFAOYSA-L,"""C[N+](C)(C)CC1=C2CN3C(=C(C4=CC=CC=C43)C[N+](C)(C)C)CN2C5=CC=CC=C51.[I-].[I-]"""
696,6604840,UMTDAKAAYOXIKU-HXUWFJFHSA-N,"""CC(C)(C)NC(=O)C(CN1CCN(CC1)C2=CC=CC=C2OC)C3=CC=CC=C3"""
697,14742527,SDWUPSHVUBKGKN-UHFFFAOYSA-N,"""CC1=C(N=CN1)CC2=NC(=CS2)C3=CC=CC=C3"""
698,44427870,PYVYQZKNFYHFNG-XSHQRCBMSA-L,"""C1C[N+]2(CC3=CCOC4C5C3CC2C1C5N(C6C7C8CC9C1(C7N4C2=CC=CC=C21)CC[N+]9(CC8=CCO6)CC1=CC=C(C=C1)Br)C1=CC=CC=C1)CC1=CC=C(C=C1)Br.[Br-].[Br-]"""
699,44427874,NPZKVFNHJRDGHI-SQHUXFNASA-L,"""C1C[N+]2(CC3=CCOC4C5C3CC2C1C5N(C6C7C8CC9C1(C7N4C2=CC=CC=C21)CC[N+]9(CC8=CCO6)CC1=CC2=CC=CC=C2C=C1)C1=CC=CC=C1)CC1=CC2=CC=CC=C2C=C1.[Br-].[Br-]"""
700,44427876,VVWIDIIMLHNFOH-SBUQLOQDSA-N,"""C1CN2CC(=CCO)C3CC2C1C4C3=CN5C6C7C8CC9C6(CCN9CC8=CCOC7N4C1=CC=CC=C1)C1=CC=CC=C15"""
701,44427881,SSDBSZARTBSRRD-KTQKYGKGSA-L,"""COC1=C(C=C(C=C1)C[N+]23CCC4C2CC(C(=CCO)C3)C5=CN6C7C8C9CC1C7(CC[N+]1(CC9=CCOC8N(C45)C1=CC=CC=C1)CC1=CC(=C(C=C1)OC)OC)C1=CC=CC=C16)OC.[Cl-].[Cl-]"""
702,44427853,VDEOWAISRHKINC-MPCDFULNSA-N,"""C1CN2CC3=CCOC4C5C3CC2C1C5N(C6C7C8CC9C1(C7N4C2=CC=CC=C21)CCN9CC8=CCO6)C1=CC=CC=C1"""
703,44422402,VJRGAGPCQUZOLU-UHFFFAOYSA-N,"""C1CCN(C1)CCNC(=O)C2=CC3=C(C=C2)C(=O)N(C(=O)N3)CC4=CC=C(C=C4)Cl"""
704,44427868,MMIPHEFKLSFNNB-MWGLOKQDSA-L,"""COC1=C(C=C(C=C1)C[N+]23CCC4C2CC5C6C4N(C7C8C9CC1C2(C8N(C6OCC=C5C3)C3=CC=CC=C32)CC[N+]1(CC9=CCO7)CC1=CC(=C(C=C1)OC)OC)C1=CC=CC=C1)OC.[Cl-].[Cl-]"""
705,5202,QZAYGJVTTNCVMB-UHFFFAOYSA-N,"""C1=CC2=C(C=C1O)C(=CN2)CCN"""
706,44427858,FUSIITLPTACWMA-XYRKINJJSA-L,"""C=CC[N+]12CCC3C1CC4C5C3N(C6C7C8CC9C1(C7N(C5OCC=C4C2)C2=CC=CC=C21)CC[N+]9(CC8=CCO6)CC=C)C1=CC=CC=C1.[Br-].[Br-]"""
707,10150497,RYBOXBBYCVOYNO-UHFFFAOYSA-N,"""C1=CC=C2C(=C1)C(=CN2S(=O)(=O)C3=C(N=C4N3C=CS4)Cl)CCN"""
708,11618807,ZYALYWXELCWDBL-UHFFFAOYSA-N,"""CN1CC(C2=C(C1)C=C(C=C2)OCCCN3CCC(CC3)F)C4=CC=C(C=C4)SC"""
709,44439863,DIMAAAZZSSXDEH-DFBJGRDBSA-N,"""CC1COCCN1CCCOC2=CC3=C(C=C2)C(CN(C3)C)C4=CC=C(C=C4)OC"""
710,44427854,VJSCAPXAYUYCDD-MBOLQDAKSA-L,"""C[N+]12CCC3C1CC4C5C3N(C6C7C8CC9C1(C7N(C5OCC=C4C2)C2=CC=CC=C21)CC[N+]9(CC8=CCO6)C)C1=CC=CC=C1.[I-].[I-]"""
711,44427862,UKZPDTRKIBHQLP-JKBBQUHLSA-L,"""CC(=O)OCC[N+]12CCC3C1CC4C5C3N(C6C7C8CC9C1(C7N(C5OCC=C4C2)C2=CC=CC=C21)CC[N+]9(CC8=CCO6)CCOC(=O)C)C1=CC=CC=C1.[Br-].[Br-]"""
712,44427866,RYIMMAUZEHWVRP-JJDXUFKPSA-L,"""C1C[N+]2(CC3=CCOC4C5C3CC2C1C5N(C6C7C8CC9C1(C7N4C2=CC=CC=C21)CC[N+]9(CC8=CCO6)CC1=CC=CC=C1)C1=CC=CC=C1)CC1=CC=CC=C1.[Br-].[Br-]"""
713,9215,DZBUGLKDJFMEHC-UHFFFAOYSA-N,"""C1=CC=C2C(=C1)C=C3C=CC=CC3=N2"""
714,93558,ULIQGBPQLPCTAJ-UHFFFAOYSA-N,"""C1=CC=C(C=C1)CSC2=NC=NC3=C2NC=N3"""
715,25033361,AKKGFQRBBVGLEB-KRXBUXKQSA-N,"""C1CN(CCC1CN2CCC(CC2)C3=CC=C(C=C3)Cl)C(=O)C=CC4=CC(=C(C=C4)Cl)Cl"""
716,13702393,UDUQYNVUNNDSEJ-UHFFFAOYSA-N,"""C1C2=C(C=CC=C2Cl)NC(=N1)N"""
717,44455426,QCFZUTYIUYQTPW-UHFFFAOYSA-N,"""COC1=C(C=CC=C1OCCF)C(C2CCN(CC2)CCC3=CC=C(C=C3)F)O"""
718,16005683,FOBJQZLFHNQSAX-UYRXBGFRSA-N,"""CCOC1=CC=C(C=C1)NC=C(C2=CC(=NO2)C)C(=O)NC3=CC=C(C=C3)Cl"""
719,15636963,ATBPRFXCCZLQCU-UHFFFAOYSA-N,"""C1=CC=C2C(=C1)C(=CN2)C3=CSC(=N3)CN=C(N)N"""
720,16004770,NSEUBONDLOTDLU-XLNRJJMWSA-N,"""CCOC1=CC=C(C=C1)NC=C(C(=O)C2=CC=CC=C2)C(=O)NC3=CC=CC=C3"""
721,5359000,AZGOVLGMSGAOMP-FZYUQVBKSA-N,"""CN1C(=CC2=CNC3=CC=CC=C32)C(=O)N(C1=N)C"""
722,44456033,XFMPGBXLGWZMQP-YFKPBYRVSA-N,"""CC1C2=C(C=CC=C2Cl)NC(=N1)N"""
723,3134,BVIAOQMSVZHOJM-UHFFFAOYSA-N,"""CN(C)C1=NC=NC2=C1NC=N2"""
724,3386,RTHCYVBBDHJXIQ-UHFFFAOYSA-N,"""CNCCC(C1=CC=CC=C1)OC2=CC=C(C=C2)C(F)(F)F"""
725,12686479,FKFNPTZCZKTCNF-UHFFFAOYSA-N,"""CN1CCN(CC1)C2=NC3=CC=CC=C3NC2=O"""
726,19099,PHNLCHMJDSSPDQ-UHFFFAOYSA-N,"""C1CC2=CC=CC=C2N(C3=CC=CC=C31)C(=O)N"""
727,44427877,SJGFHXJCUGAPEE-FSEYQHDASA-L,"""C[N+]12CCC3C1CC(C(=CCO)C2)C4=CN5C6C7C8CC9C6(CC[N+]9(CC8=CCOC7N(C34)C1=CC=CC=C1)C)C1=CC=CC=C15.[I-].[I-]"""
728,44427879,HIKALAMHAXPLDW-RCCNGQCQSA-L,"""C1CC=CC(C1)[N+]23CCC4C2CC(C(=CCO)C3)C5=CN6C7C8C9CC1C7(CC[N+]1(CC9=CCOC8N(C45)C1=CC=CC=C1)C1CCCC=C1)C1=CC=CC=C16.[Br-].[Br-]"""
729,44427883,JKQCYYLFNPUCJQ-WZHDNETFSA-L,"""C1C[N+]2(CC(=CCO)C3CC2C1C4C3=CN5C6C7C8CC9C6(CC[N+]9(CC8=CCOC7N4C1=CC=CC=C1)CC1=CC=C(C=C1)[N+](=O)[O-])C1=CC=CC=C15)CC1=CC=C(C=C1)[N+](=O)[O-].[Br-].[Br-]"""
730,9865858,QHLRKDSRGUZHSH-UHFFFAOYSA-N,"""COC1=CC=CC=C1N2CCC(CC2)CNCC3COC4=C(O3)C=C(C=C4)Cl"""
731,10425296,NYNPDVHTKWVOLU-AWEZNQCLSA-N,"""C1CN2CCC1C(C2)NC(=O)C3=CC(=CC4=C3OCC4)Cl"""
732,135398737,QZUDBNBUXVUHMW-UHFFFAOYSA-N,"""CN1CCN(CC1)C2=NC3=C(C=CC(=C3)Cl)NC4=CC=CC=C42"""
733,5281878,NJMYODHXAKYRHW-BLLMUTORSA-N,"""C1CN(CCN1CCC=C2C3=CC=CC=C3SC4=C2C=C(C=C4)C(F)(F)F)CCO"""
734,14722779,DVTRMRRJKIYJHT-UHFFFAOYSA-N,"""CC1=C(N=CN1)CC2=NC(=CS2)C3=CC=CC4=C3N=CC=C4"""
735,16005981,VMAKIACTLSBBIY-BOPFTXTBSA-N,"""CC1=NOC(=C1)C(=CNC2=CC=C(C=C2)Cl)C(=O)NC3=CC=C(C=C3)Cl"""
736,1615,SHXWCVYOXRDMCX-UHFFFAOYSA-N,"""CC(CC1=CC2=C(C=C1)OCO2)NC"""
737,24759622,QPKAPAVYCGEURE-UHFFFAOYSA-N,"""CN1CCN(CC1)C2=NC3=CC=CC=C3C=N2"""
738,44592241,ZINGRQZUIVEPKX-UHFFFAOYSA-N,"""C1CNCCC1COC2=CC3=C(C=CC(=C3)C#N)C=C2"""
739,128563,OBSYBRPAKCASQB-AGQYDFLVSA-N,"""CC(=O)OC1CC(C2(CCC3C(=O)OC(CC3(C2C1=O)C)C4=COC=C4)C)C(=O)OC"""
740,44559406,IAORVHGBICJISE-STYPWORHSA-M,"""CCC12CCCN3C1C4(CC3)C5CCCCC5NC4C(C2)C(=O)[O-].[Na+]"""
741,24691160,MUOXAGUZMVATIC-UHFFFAOYSA-N,"""C1CNCCC1COC2=CC3=CC=CC=C3C=C2"""
742,42631007,VKXYLXZLODSKCD-QZTJIDSGSA-N,"""CN1C(CC(C1=O)CN2CCCCC2)C#CC3=CC=CC=C3"""
743,25147771,VCADIWSEVTZZOR-UHFFFAOYSA-N,"""CN1CCN(CC1)C2=NC3=C(C=C(C=C3)Cl)C(=N2)NCC4=COC=C4"""
744,44564662,NBYYGODJBZAJJF-WOJBJXKFSA-N,"""CN1C=CC2=C1C=CC(=C2)C#CC3CC(C(=O)N3C)CN4CCCCC4"""
745,25107505,OQIBXTHHXDTIBJ-OAQYLSRUSA-N,"""C1C(C(=NN1C(=NS(=O)(=O)C2=CC=C(C=C2)C#N)N)C3=CC=C(C=C3)Cl)C4=CC=CC=C4"""
746,44157061,KNSUADXKFTZSIZ-RTBURBONSA-N,"""CN1C(CC(C1=O)CN2CCCCC2)C#CC3=CC4=C(C=C3)OC=C4"""
747,4595,FELGMEQIXOGIFQ-UHFFFAOYSA-N,"""CC1=NC=CN1CC2CCC3=C(C2=O)C4=CC=CC=C4N3C"""
748,25179302,CMOWYBWYCJHODO-VIFPVBQESA-N,"""CNC1=NC(=NC2=C1C=C(C=C2)Cl)N3CCC(C3)N"""
749,25178558,PCXDWBYAWMJZSM-UHFFFAOYSA-N,"""CNC1=NC(=NC2=C1C=C(C=C2)Cl)N3CC4CCCNC4C3"""
750,25179305,OICQCECVOFFRAG-UHFFFAOYSA-N,"""CNC1=NC(=NC2=C1C=C(C=C2)Cl)NCCC3CCN(C3)C"""
751,16573,ZFLRVRLYWHNAEC-AWEZNQCLSA-N,"""CN1CCC2=CC(=C(C3=C2C1CC4=CC(=C(C=C43)OC)O)OC)OC"""
752,181743,WSVWKHTVFGTTKJ-UHFFFAOYSA-N,"""CN1CCC2=CC(=C(C3=C2C1CC4=CC5=C(C=C43)OCO5)OC)OC"""
753,42636941,FZGWDCDUMFWUEO-UHFFFAOYSA-N,"""CCCN1CCC(CC1)COC2=NC3=C(C(=CS3)C)N4C2=CC=C4"""
754,44592242,IMESNXOOQNBNMN-UHFFFAOYSA-N,"""COCC(C1CCNCC1)OC2=CC3=CC=CC=C3C=C2"""
755,44592109,CZPMNOSNQHHGTD-UHFFFAOYSA-N,"""CCCCN1CCC(CC1)COC2=NC3=C(N4C2=CC=C4)SC=C3"""
756,63439,BNASSGFQLMOZKG-UHFFFAOYSA-N,"""CN1CCN(CC1)C2=NC(=O)C3=C(N2)C=CC(=C3)Cl"""
757,44592414,UVEYNCQCHBIENE-GTNSWQLSSA-N,"""CC12CCCN1CCC2CNC(=O)C3=C4C(=CC(=C3)Cl)NC=N4"""
758,196968,ZZZQXCUPAJFVBN-UHFFFAOYSA-N,"""CC(C)C1=NC(=NC(=C1)C2=CC=C(C3=CC=CC=C32)F)N"""
759,24759518,PELIXYXPUAFHOR-UHFFFAOYSA-N,"""CN1CCN(CC1)C2=NC3=C(C=C(C=C3)Cl)C(=N2)N"""
760,1403136,KJVGBWURWKYDCH-UHFFFAOYSA-N,"""CN1CCN(CC1)C2=NC3=CC=CC=C3C(=N2)N"""
761,25209705,IFWGJAXMPXZADJ-UHFFFAOYSA-N,"""CC1=C(C=CC=C1NC(=O)C2=CC=C(C=C2)C3=CN=C(C=C3)OC)CN4C(=O)C=C(C=N4)N5CCNCC5"""
762,44582677,CFYAUZPZSBAQNA-UHFFFAOYSA-N,"""COC1=C(C=CC=C1OCCF)C(C2CCN(CC2)CCC3=CC=C(C=C3)[N+](=O)[O-])O"""
763,44582678,MJKRYUCQHJLOIV-UHFFFAOYSA-N,"""CC1=CC=C(C=C1)CCN2CCC(CC2)C(C3=C(C(=CC=C3)OCCF)OC)O"""
764,5452,KLBQZWRITKRQQV-UHFFFAOYSA-N,"""CN1CCCCC1CCN2C3=CC=CC=C3SC4=C2C=C(C=C4)SC"""
765,11200344,IJHSPFFWIXGDBB-UHFFFAOYSA-N,"""C1CN(CCC1NC(=O)CO)CC2=CC=C(C=C2)OC3=NC4=CC=CC=C4S3"""
766,11536299,OLLHYYCQHNBTQC-UHFFFAOYSA-N,"""C1=CC=C(C=C1)CCC2=CC(=O)C3=C(C=CC=C3O2)O"""
767,24841480,CJGNMVAAMQAWEF-UHFFFAOYSA-N,"""C1CCN(C1)CCOC(=O)N2C3=CC=CC=C3SC4=CC=CC=C42"""
768,11245596,BUZBVOKDNAZIIM-UHFFFAOYSA-N,"""C1CN(CCC1C(=O)O)CC2=CC=C(C=C2)OC3=NC4=CC=CC=C4S3"""
769,10046170,LTMXOVNSECYFSK-UHFFFAOYSA-N,"""CC1=CC(=C(C=C1)OC)NC(=O)OC2CC3CCCC(C2)N3CC4=CC=CC=C4"""
770,11739248,ZIQGASWXUSSORV-UHFFFAOYSA-N,"""C1CCN(CC1)CCOC2=CC=C(C=C2)OC3=NC4=CC=CC=C4O3"""
771,44586410,ZFUOLNAKPBFDIJ-VQBNBCTGSA-N,"""COC1=CC=CC=C1CNCCC2=CC(=C(C=C2OC)I)OC"""
772,42617993,QPUXUSUONDVIKY-UHFFFAOYSA-N,"""C1CCC(CC1)C2=NC3=C(C=CC(=C3)C(=O)NN4CCCCC4)SC5=CC=CC=C52"""
773,16049170,MTEFLXYKMHWTNG-UHFFFAOYSA-N,"""CCCCNC(=O)C1=CC2=C(C=C1)SC3=CC=CC=C3C(=N2)C4=CC=C(C=C4)Cl"""
774,25178936,GLWWAUFFFXRHOL-UHFFFAOYSA-N,"""CN1CCN(CC1)C2=NC3=C(C=C(C=C3)Cl)C(=N2)N(C)C"""
775,25178339,YLCLVZULHOQJRR-UHFFFAOYSA-N,"""CN1CCN(CC1)C2=NC3=C(C=C(C=C3)Cl)C(=N2)NCC4CCCCC4"""
776,25178937,GNITVWLUINGTBR-UHFFFAOYSA-N,"""CNC1=NC(=NC2=C1C=C(C=C2)Cl)N3CCN(CC3)C"""
777,25178341,YTLUXTFQLXDBJU-UHFFFAOYSA-N,"""CN1CCN(CC1)C2=NC3=C(C=C(C=C3)Cl)C(=N2)NCC4=CC=C(C=C4)N"""
778,44582708,GWHHZSAHAOWCRM-UHFFFAOYSA-N,"""COC1=CC=C(C=C1)CCN2CCC(CC2)C(=O)C3=C(C(=CC=C3)OCCF)OC"""
779,25178344,BQFFJFYYLYTLCC-UHFFFAOYSA-N,"""CN1CCN(CC1)C2=NC3=C(C=C(C=C3)Cl)C(=N2)NCCO"""
780,2477,QWCRAEMEVRGPNT-UHFFFAOYSA-N,"""C1CCC2(C1)CC(=O)N(C(=O)C2)CCCCN3CCN(CC3)C4=NC=CC=N4"""
781,25178933,CBXQAAQVKDTXJJ-UHFFFAOYSA-N,"""CN1CCN(CC1)C2=NC3=C(C=C(C=C3)Cl)C(=N2)NCC4=CC=CC=C4"""
782,25178131,LCGYRMCRRGNDFQ-UHFFFAOYSA-N,"""CN1CCN(CC1)C2=NC3=C(C=C(C=C3)Cl)C(=N2)NCCC4=CC=CC=C4"""
783,25178132,GGBKKIVDGBAYTK-UHFFFAOYSA-N,"""CC(C)NC1=NC(=NC2=C1C=C(C=C2)Cl)N3CCN(CC3)C"""
784,44582705,PPXOTGGYVKBLCQ-UHFFFAOYSA-N,"""CC1=CC=C(C=C1)CCN2CCC(CC2)C(=O)C3=C(C(=CC=C3)OCCF)OC"""
785,44582706,YTQJBBJHLKKOLR-UHFFFAOYSA-N,"""COC1=CC=C(C=C1)CCN2CCC(CC2)C(C3=C(C(=CC=C3)OCCF)OC)O"""
786,44582707,VSDLSICGFMFZRC-UHFFFAOYSA-N,"""COC1=C(C=CC=C1OCCF)C(=O)C2CCN(CC2)CCC3=CC=C(C=C3)[N+](=O)[O-]"""
787,165829,BADPXOSJBUEVTR-UHFFFAOYSA-N,"""C[N+]1(C2CCC1CC(C2)OC3C4=CC=CC=C4CCC5=CC=CC=C35)C"""
788,42636894,DZOFIEFQFCWGIY-UHFFFAOYSA-N,"""C1CC2CC(CC1N2CC3=CC=CC=C3)OC4C5=CC=CC=C5CCC6=CC=CC=C46"""
789,25129523,NIJGWJIOMPHDBP-UHFFFAOYSA-N,"""CN1CCN(CC1)C2=NC(=NC(=C2)C3=CC=CC=C3)N"""
790,3035746,UBHYDQAARZKHEZ-UHFFFAOYSA-N,"""C1=CC(=CC=C1CCN=C(N)SCCCC2=CN=CN2)I"""
791,11679149,HQYLURGLNKLOQJ-XHDPSFHLSA-N,"""CC(C1=CC=CC=C1F)OC(=O)NC2CN3CCC2CC3"""
792,5280343,REFJWTPEDVJJIY-UHFFFAOYSA-N,"""C1=CC(=C(C=C1C2=C(C(=O)C3=C(C=C(C=C3O2)O)O)O)O)O"""
793,4828,JZQKKSLKJUAGIC-UHFFFAOYSA-N,"""CC(C)NCC(COC1=CC=CC2=C1C=CN2)O"""
794,44564663,BSAYMXGAHRLDCA-RTBURBONSA-N,"""CN1C(CC(C1=O)CN2CCCCC2)C#CC3=CC4=C(C=C3)OCC4"""
795,44559404,BFVXDLZRORZNHX-OCIDDWSYSA-N,"""CCC12CCCN3C1C4(CC3)C5=CC=CC=C5NC4=C(C2)C(=O)OC.Cl"""
796,25071319,KUZRWWLVBUPCRK-UHFFFAOYSA-N,"""C1CC2=CC=CC=C2C3=C(C1)C(=NC(=N3)N)N4CCNCC4"""
797,44575473,XLTANAWLDBYGFU-BVFBBISOSA-N,"""CCN1CC2(CCC(C34C2C(C(C31)(C5(CC(C6CC4C5C6OC)OC)O)O)OC)OC)COC(=O)C7=CC=CC=C7N8C(=O)CC(C8=O)C"""
798,9861687,RZFPSYUVZCCIFI-UHFFFAOYSA-N,"""CCN1CCC(CC1)COC2=NC3=C(N4C2=CC=C4)SC=C3"""
799,44559159,HVWYYWIRLPBRTO-JSGCOSHPSA-N,"""C1=CC2=C(C=C1Br)NC=C2CC3C(=O)NC(C(=O)N3)CCCN=C(N)N"""
800,25179300,XFBXGLNGAUZHSF-UHFFFAOYSA-N,"""CNC1=NC(=NC2=C1C=C(C=C2)Cl)N3CCCN(CC3)C"""
801,44582675,QCFZUTYIUYQTPW-JOCHJYFZSA-N,"""COC1=C(C=CC=C1OCCF)C(C2CCN(CC2)CCC3=CC=C(C=C3)F)O"""
802,44582676,HVJOIRMQZXEGPW-UHFFFAOYSA-N,"""COC1=C(C=CC=C1OCCF)C(=O)C2CCN(CC2)CCC3=CC=C(C=C3)F"""
803,25109291,DJKJVWJQAVGLHJ-YPMHNXCESA-N,"""C1CCC2C(C1)C3=C(O2)CCC4=C3N=C(N=C4N5CCNCC5)N"""
804,44568347,FPUKGJMTLUQGFZ-UHFFFAOYSA-N,"""CCN(CC)CCCOC(=O)N1C2=CC=CC=C2SC3=CC=CC=C31"""
805,42596959,OHOQFGDSEWQDAX-UHFFFAOYSA-N,"""CCCCNC(=O)C1=CC2=C(C=C1)SC3=CC=CC=C3C(=N2)C4=CC(=C(C=C4)F)Cl"""
806,15953802,AATPYXMXFBBKFO-UHFFFAOYSA-N,"""CC(C)C1=CC(=C(C=C1OC2=CN=C(N=C2N)N)I)OC"""
807,4581,QHGUCRYDKWKLMG-UHFFFAOYSA-N,"""C1=CC(=CC=C1C(CN)O)O"""
808,3559,LNEPOXFFQSENCJ-UHFFFAOYSA-N,"""C1CN(CCC1(C2=CC=C(C=C2)Cl)O)CCCC(=O)C3=CC=C(C=C3)F"""
809,7082,RKGYJVASTMCSHZ-UHFFFAOYSA-N,"""C1=CC=C2C(=C1)NC3=C(S2)C=CC(=C3)C(F)(F)F"""
810,44456001,JDPGHZDOBUGUDU-LURJTMIESA-N,"""CC1C2=C(C=CC=C2Cl)NC(=N1)NCC(F)F"""
811,9863146,QYWDOJXSLBBWLE-UHFFFAOYSA-N,"""C1CN(CCN1CC2=CC=CC=C2)C3=NC4=C(N5C3=CC=C5)SC=C4"""
812,2771,WSEQXVZVJXJVFP-UHFFFAOYSA-N,"""CN(C)CCCC1(C2=C(CO1)C=C(C=C2)C#N)C3=CC=C(C=C3)F"""
813,594,XUJNEKJLAYXESH-UHFFFAOYSA-N,"""C(C(C(=O)O)N)S"""
814,9906447,VGSYEFOBFMUWGO-OAHLLOKOSA-N,"""CC1CCCN1CCC2=CC3=C(O2)C=CC(=C3)C(=O)C4=CC=C(C=C4)F"""
815,9885122,DHGXYMAJZPNYQQ-UHFFFAOYSA-N,"""COC1=CC(=C(C=C1C(=O)NC2C3CC4C2CN(C4)C3)Cl)N.Cl"""
816,44462783,NTBRVAZZXJHBGJ-UHFFFAOYSA-N,"""C1CNCCC1C(C2=CN=CC=C2)OC3=C(C(=CC=C3)Cl)Cl"""
817,9797360,RXLOZRCLQMJJLC-UHFFFAOYSA-N,"""C1CN2CCC1N(CC2)C(=O)OC3=CC=C(C=C3)Br"""
818,441278,VOKSWYLNZZRQPF-GDIGMMSISA-N,"""CC1C2CC3=C(C1(CCN2CC=C(C)C)C)C=C(C=C3)O"""
819,45268365,XWTAQEXSIBGWRM-UHFFFAOYSA-N,"""C1CN2CCC1N(CC2)C(=O)OC3=CC=CC=C3"""
820,70029,PJQCANLCUDUPRF-UHFFFAOYSA-N,"""C1CC2=CC=CC=C2CC3=CC=CC=C31"""
821,9879256,MQZFLDZRBIKMGM-UHFFFAOYSA-N,"""C1CN2CCC1N(CC2)C(=O)OC3=CC4=CC=CC=C4C=C3"""
822,45484302,GBMDUJQQSGOIFW-UHFFFAOYSA-N,"""C1COCCN1CCCCC(=O)NC2=CC=C(C=C2)C3=CN=CC=C3.Cl"""
823,44622849,QGJVXXSJZAPJME-UHFFFAOYSA-N,"""CC1=NN2C(=NC3=C(C2=N1)CCNCC3)CC4=CC=CC=C4"""
824,65997,PWWDCRQZITYKDV-UHFFFAOYSA-N,"""C1CN(CCN1)C2=NC3=CC=CC=C3N2CC4=CC=CC=C4"""
825,16660294,UTPGRZGMQVAYAA-UHFFFAOYSA-N,"""CNC1=NC=NC(=C1)C2=CSC(=N2)N(C)C(=O)C3=CC=C(C=C3)F"""
826,45485614,HFOUMBDMIJJHCK-OSPHWJPCSA-N,"""CN(CCNC(=O)C1=CC(=C(C=C1OC)N)Cl)CC2CCCCC2(C3=CC(=CC=C3)O)O"""
827,45485620,POJMJIIKSJRQPV-OZJYBUQCSA-N,"""COC1CN(CCC1NC(=O)C2=CC(=C(C=C2OC)N)Cl)CC3CCCCC3(C4=CC(=CC=C4)OC)O"""
828,45485653,POJMJIIKSJRQPV-UBMARQKXSA-N,"""COC1CN(CCC1NC(=O)C2=CC(=C(C=C2OC)N)Cl)CC3CCCCC3(C4=CC(=CC=C4)OC)O"""
829,45485604,SOEFWQWHKHCTLH-BIIVWMMYSA-N,"""COC1CN(CCC1NC(=O)C2=CC(=C(C=C2OC)N)Cl)CC3CCCCC3(C4=CC(=CC=C4)O)O"""
830,44626295,POJMJIIKSJRQPV-QZOFJNMOSA-N,"""COC1CN(CCC1NC(=O)C2=CC(=C(C=C2OC)N)Cl)CC3CCCCC3(C4=CC(=CC=C4)OC)O"""
831,45485563,OHGAQBAXUOYIOB-CJAUYULYSA-N,"""CN(CCNC(=O)C1=CC(=C(C=C1OC)N)Cl)CC2CCCCC2(C3=CC(=CC=C3)OC)O"""
832,45485619,HFOUMBDMIJJHCK-BXKMTCNYSA-N,"""CN(CCNC(=O)C1=CC(=C(C=C1OC)N)Cl)CC2CCCCC2(C3=CC(=CC=C3)O)O"""
833,45485564,SOEFWQWHKHCTLH-QJTHLVPVSA-N,"""COC1CN(CCC1NC(=O)C2=CC(=C(C=C2OC)N)Cl)CC3CCCCC3(C4=CC(=CC=C4)O)O"""
834,752521,ODCAEXNEGXTNBY-UHFFFAOYSA-N,"""CC1(N=C(NC(=N1)NC2=CC(=CC=C2)Br)N)C"""
835,45485675,POJMJIIKSJRQPV-JQKXIHIISA-N,"""COC1CN(CCC1NC(=O)C2=CC(=C(C=C2OC)N)Cl)CC3CCCCC3(C4=CC(=CC=C4)OC)O"""
836,45485562,OHGAQBAXUOYIOB-AVRWGWEMSA-N,"""CN(CCNC(=O)C1=CC(=C(C=C1OC)N)Cl)CC2CCCCC2(C3=CC(=CC=C3)OC)O"""
837,44626294,SOEFWQWHKHCTLH-YUXJLSHCSA-N,"""COC1CN(CCC1NC(=O)C2=CC(=C(C=C2OC)N)Cl)CC3CCCCC3(C4=CC(=CC=C4)O)O"""
838,45485624,SOEFWQWHKHCTLH-ZSKASMGYSA-N,"""COC1CN(CCC1NC(=O)C2=CC(=C(C=C2OC)N)Cl)CC3CCCCC3(C4=CC(=CC=C4)O)O"""
839,46225029,CWYDYWFZPBTTIM-UHFFFAOYSA-N,"""C1C2C3C4C1C5C2C6C3C4C5(O6)NCCC7=CC(=CC=C7)F"""
840,11957735,ILPANLYEJQKXKY-UHFFFAOYSA-N,"""CC(C)(C)C1=CC=C(C=C1)C2=NC(=NN2C3=CC(=CC=C3)O)CN(C)C"""
841,46233633,HKZXJCJPMIJTDL-KBPBESRZSA-N,"""CN1C2CCCC1CC(C2)NC(=O)C3=NN(C4=C3C=CC(=C4)OC)C"""
842,135976297,CGNLROWYSDSBMN-STQMWFEESA-N,"""CN1C2CCCC1CC(C2)NC(=O)C3=NN(C4=C3C(=CC=C4)O)C"""
843,46233560,OIVVFYLMLVRCHQ-KBPBESRZSA-N,"""CN1C2CCCC1CC(C2)NC(=O)C3=NN(C4=C3C(=CC=C4)OC)C"""
844,10286136,XJNOJISWTROLSF-UHFFFAOYSA-N,"""C1CN2CCC1N(CC2)C3=NC4=C(O3)C=C(C=N4)Cl"""
845,46180746,KZCFXYPUJPOLMF-UHFFFAOYSA-N,"""C1CN2CCC1N(CC2)C3=NC4=C(O3)N=CC(=C4)Cl"""
846,46180744,ZLUOOMMZUAJVNO-UHFFFAOYSA-N,"""C1CN2CCC1N(CC2)C3=NC4=C(O3)C=C(C=N4)F"""
847,11609760,ATCMRGMIYIPJQT-UHFFFAOYSA-N,"""C1CN2CCC1N(CC2)C3=NC4=C(O3)C=CC(=N4)C5=CC=CC=C5F"""
848,11311114,HIWIXUJADKOVEP-UHFFFAOYSA-N,"""C1CN2CCC1N(CC2)C3=NC4=C(O3)C=CC=N4"""
849,46233671,KMAHQUWVTWBRDK-PMACEKPBSA-N,"""CN1C2=CC=CC=C2C(=N1)C(=O)NC3CC4CCCC(C3)N4CC5=CC=CC=C5"""
850,131725,AFOFVIBWSLOHFR-UHFFFAOYSA-N,"""CC(C)N1C2=CC=CC=C2N(C1=O)C(=O)NC3CC4CCC(C3)N4C"""
851,11572597,YABLRALLVGHPFP-UHFFFAOYSA-N,"""CCC1=NC2=C(C=C1)OC(=N2)N3CCN4CCC3CC4"""
852,46233590,KWVHDIHZHBHZBJ-PMACEKPBSA-N,"""CN1C2CCCC1CC(C2)NC(=O)C3=NN(C4=C3C(=CC=C4)OCC5=CC=CC=C5)C"""
853,46233591,FKNBNSUXUZHSKP-STQMWFEESA-N,"""CN1C2CCCC1CC(C2)NC(=O)C3=NN(C4=C3C=C(C=C4)O)C"""
854,46233593,SXJUZHRNCSMYNX-PMACEKPBSA-N,"""CN1C2CCCC1CC(C2)NC(=O)C3=NN(C4=C3C=C(C=C4)OCC5=CC=CC=C5)C"""
855,46233635,AJEBHUMZPBDLQF-STQMWFEESA-N,"""CN1C2CCCC1CC(C2)NC(=O)C3=NN(C4=C3C=CC=C4O)C"""
856,46233636,UYPUNICVVJSXHT-KBPBESRZSA-N,"""CN1C2CCCC1CC(C2)NC(=O)C3=NN(C4=C3C=CC=C4OC)C"""
857,46175179,WLMBSKSEPQCRJV-OAHLLOKOSA-N,"""CC(CN1CCN(CC1)C(=O)C)NC(=O)C2=CC3=C(S2)N(N=C3C4=CC=CC=C4)C"""
858,46225028,BKYSPAJPVPEZOE-UHFFFAOYSA-N,"""C1C2C3C4C1C5C2C6C3C4C5(O6)NCC7=CC(=CC=C7)F"""
859,10040286,FYGREZKTJIXWIH-UHFFFAOYSA-N,"""C1C2C3C4C1C5C2C6C3C4C5(N6CCC7=CC(=CC=C7)F)O"""
860,11709098,PKPRDSSAMMLSLJ-UHFFFAOYSA-N,"""CC1=C(C=C2C(=N1)N=C(O2)N3CCN4CCC3CC4)Cl"""
861,135976299,IJQKBGDDQMPHRI-STQMWFEESA-N,"""CN1C2CCCC1CC(C2)NC(=O)C3=NN(C4=C3C=CC(=C4)O)C"""
862,46233634,XHOQYFHYEDPLTL-PMACEKPBSA-N,"""CN1C2CCCC1CC(C2)NC(=O)C3=NN(C4=C3C=CC(=C4)OCC5=CC=CC=C5)C"""
863,11184481,BSNKYWSMUAGMDO-UHFFFAOYSA-N,"""CC1=NC2=C(C=C1)OC(=N2)N3CCN4CCC3CC4"""
864,46233592,XQKKWUYBGYIOKW-KBPBESRZSA-N,"""CN1C2CCCC1CC(C2)NC(=O)C3=NN(C4=C3C=C(C=C4)OC)C"""
865,46233637,VZSXQQMZYQDDQE-PMACEKPBSA-N,"""CN1C2CCCC1CC(C2)NC(=O)C3=NN(C4=C3C=CC=C4OCC5=CC=CC=C5)C"""
866,10356463,DUZFRLZTNIIHKJ-UHFFFAOYSA-N,"""C1C2C3C4C1C5C2C6C3C4C5(N6CC7=CC(=CC=C7)F)O"""
867,9794818,CXJLWJAYGMWLRR-UHFFFAOYSA-N,"""C1CN2CCC1N(CC2)C3=NC4=CC=CC=C4O3"""
868,11220991,MJSSERWIBBMXQD-UHFFFAOYSA-N,"""C1CN2CCC1N(CC2)C3=NC4=C(O3)C=C(C=N4)Br"""
869,6472,OFAIGZWCDGNZGT-UHFFFAOYSA-N,"""CCN(CC)CCOC(=O)C1(CCCC1)C2=CC=CC=C2"""
870,130946,MZRKHUUDDHJVHS-UHFFFAOYSA-N,"""CCN1C2=CC=CC=C2N(C1=O)C(=O)NC3CC4CCC(C3)N4C"""
871,10308,ZSMRRZONCYIFNB-UHFFFAOYSA-N,"""C1CC2=CC=CC=C2NC3=CC=CC=C31"""
872,5281600,YUSWMAULDXZHPY-UHFFFAOYSA-N,"""C1=CC(=CC=C1C2=CC(=O)C3=C(O2)C(=C(C=C3O)O)C4=C(C=CC(=C4)C5=CC(=O)C6=C(C=C(C=C6O5)O)O)O)O"""
873,44307990,LUAPLNWRHHWKLK-UHFFFAOYSA-N,"""C1CN(CCN1)C2=NC3=CC=CC=C3N2CC4=CC5=CC=CC=C5C=C4"""
874,4184,UEQUQVLFIPOEMF-UHFFFAOYSA-N,"""CN1CCN2C(C1)C3=CC=CC=C3CC4=CC=CC=C42"""
875,5584,ZSCDBOWYZJWBIY-UHFFFAOYSA-N,"""CC(CN1C2=CC=CC=C2CCC3=CC=CC=C31)CN(C)C"""
876,9868452,QQJHRQZZCNYDMX-VPUSJEBWSA-N,"""C1C2COC3=C(C2CN1CCCCNC(=O)C4=CC=C(C=C4)C5=CC=CC=C5)C=C(C=C3)C#N"""
877,4205,RONZAEMNMFQXRA-UHFFFAOYSA-N,"""CN1CCN2C(C1)C3=CC=CC=C3CC4=C2N=CC=C4"""
878,5145950,BKVIWGRFRKLFIO-UHFFFAOYSA-N,"""COC1=CC(=CC(=C1)COC2=CC(=C(C=C2C(=O)CCC3CCN(CC3)CCNS(=O)(=O)C)Cl)N)OC"""
879,10336265,GALAKJYLTKKOBQ-UHFFFAOYSA-N,"""COC1=CC=C(C=C1)CN2C3=CC=CC=C3N=C2N4CCNCC4"""
880,187,OIPILFWXSMYKGL-UHFFFAOYSA-N,"""CC(=O)OCC[N+](C)(C)C"""
881,44307643,DULFTXXWXGBQBT-UHFFFAOYSA-N,"""CC1=CC=C(C=C1)CN2C3=CC=CC=C3N=C2N4CCNCC4"""
882,667484,NPUKDXXFDDZOKR-LLVKDONJSA-N,"""CCOC(=O)C1=CN=CN1C(C)C2=CC=CC=C2"""
883,121881,AOOSJYIINXVNHV-UHFFFAOYSA-N,"""CCCCN1CCC(CC1)COC(=O)C2=CC(=C(C3=C2OCCO3)N)Cl"""
884,44307771,DTBALPGNCWCVJP-UHFFFAOYSA-N,"""C=CCN1C2=CC=CC=C2N=C1N3CCNCC3"""
885,135398745,KVWDHTXUZHCGIO-UHFFFAOYSA-N,"""CC1=CC2=C(S1)NC3=CC=CC=C3N=C2N4CCN(CC4)C"""
886,5002,URKOMYMAXPYINW-UHFFFAOYSA-N,"""C1CN(CCN1CCOCCO)C2=NC3=CC=CC=C3SC4=CC=CC=C42"""
887,2995,HCYAFALTSJYZDH-UHFFFAOYSA-N,"""CNCCCN1C2=CC=CC=C2CCC3=CC=CC=C31"""
888,3372,PLDUPXSUYLZYBN-UHFFFAOYSA-N,"""C1CN(CCN1CCCN2C3=CC=CC=C3SC4=C2C=C(C=C4)C(F)(F)F)CCO"""
889,2562,CFJMRBQWBDQYMK-UHFFFAOYSA-N,"""CCN(CC)CCOCCOC(=O)C1(CCCC1)C2=CC=CC=C2"""
890,5311047,DCSUBABJRXZOMT-RBBKRZOGSA-N,"""COC1CN(CCC1NC(=O)C2=CC(=C(C=C2OC)N)Cl)CCCOC3=CC=C(C=C3)F"""
891,135409453,IKBKZGMPCYNSLU-RGVLZGJSSA-N,"""CCCCCN=C(N)NN=CC1=CNC2=C1C=C(C=C2)OC"""
892,750,DHMQDGOQFOQNFH-UHFFFAOYSA-N,"""C(C(=O)O)N"""
893,9812843,IQMRECYOUIKYGG-UHFFFAOYSA-N,"""C1=CC(=CN=C1)CC2=CN=CN2"""
894,9848499,LYXKFNHUJJDTIA-UHFFFAOYSA-N,"""C1CN(CCN1CCCCN2C(=O)C3=CC=CC=C3S2(=O)=O)C4=C5C(=CC(=C4)Cl)OCCO5"""
895,5595,ZNRGQMMCGHDTEI-UHFFFAOYSA-N,"""CN1C2CCC1CC(C2)OC(=O)C3=CNC4=CC=CC=C43"""
896,7108,WJFKNYWRSNBZNX-UHFFFAOYSA-N,"""C1=CC=C2C(=C1)NC3=CC=CC=C3S2"""
897,182593,RLSGBCUXLRMTPF-UHFFFAOYSA-N,"""COC1=CC(=C(C=C1C(=O)OCCCN2CCCCC2)Cl)N"""
898,5073,RAPZEAPATHNIPO-UHFFFAOYSA-N,"""CC1=C(C(=O)N2CCCCC2=N1)CCN3CCC(CC3)C4=NOC5=C4C=CC(=C5)F"""
899,37459,ZZJYIKPMDIWRSN-HWBMXIPRSA-N,"""CC(C)(C)C1(CCN2CC3C4=CC=CC=C4CCC5=C3C(=CC=C5)C2C1)O"""
900,4431,SJDOMIRMMUGQQK-UHFFFAOYSA-N,"""COC1=CC=CC=C1N2CCN(CC2)CCCCN3C(=O)C4=CC=CC=C4C3=O"""
901,4235,YHXISWVBGDMDLQ-UHFFFAOYSA-N,"""C1COCCN1CCNC(=O)C2=CC=C(C=C2)Cl"""
902,4106,RLJFTICUTYVZDG-UHFFFAOYSA-N,"""CN1CCN(CC1)C2CC3=CC=CC=C3SC4=C2C=C(C=C4)SC"""
903,3035572,NADMOKMSPBJASV-UHFFFAOYSA-N,"""CC1=C(N=CN1)CC2=NC(=CS2)C3=CC=CC=C3OC"""
904,119,BTCSSZJGUNDROE-UHFFFAOYSA-N,"""C(CC(=O)O)CN"""
905,44330991,LGQCVMYAEFTEFN-VUCTXSBTSA-N,"""CC1C2CC3=C(C1(CCN2CC=C)C)C=C(C=C3)O"""
906,6918878,ABZSPJVXTTUFAA-UHFFFAOYSA-N,"""CC(=O)NC1=CC=C(C=C1)C(=O)NC2=C(C=CC(=C2)C3=CC=CS3)N"""
907,185861,VBOQYPQEPHKASR-GSVOUGTGSA-N,"""C(CS(=O)(=O)O)C(C(=O)O)N"""
908,23844143,PDNJLMZEGXHSCU-GSVOUGTGSA-N,"""C(CS(=O)O)C(C(=O)O)N"""
909,7057932,KIWQWJKWBHZMDT-GSVOUGTGSA-N,"""C1CSC(=O)C1N"""
910,92117,VBOQYPQEPHKASR-UHFFFAOYSA-N,"""C(CS(=O)(=O)O)C(C(=O)O)N"""
911,123132228,DYIRSNMPIZZNBK-UHFFFAOYSA-N,"""CS(=O)(=O)C1=CC=C(C=C1)C2=CN=C(N3C2=NN=C3)NCC4=CC=CO4"""
912,60858,HXTGXYRHXAGCFP-UHFFFAOYSA-N,"""COC1=CC=CC(=C1OC)C(C2CCN(CC2)CCC3=CC=C(C=C3)F)O"""
913,941178,WPEBMRNXFWCMHU-UHFFFAOYSA-N,"""C1=CC=C2C(=C1)C=CC=C2CSC3=NC(=NC4=C3NC=N4)N"""
914,95066,ZITSATWAZDKOBF-UHFFFAOYSA-N,"""C1=CC=C(C(=C1)CSC2=NC=NC3=C2NC=N3)Cl"""
915,585593,KRBFLOBPUMORJO-UHFFFAOYSA-N,"""C1OC2=C(O1)C=C(C=C2)CSC3=NC=NC4=C3NC=N4"""
916,580676,IDRHDKGNUNKODU-UHFFFAOYSA-N,"""C1=CC=C(C(=C1)CSC2=NC3=NC=NC(=C3N2)N)Cl"""
917,1371287,WPPPKVSENOHDIG-UHFFFAOYSA-N,"""CCOC1=CC=C(C=C1)CSC2=C(C(=NC=N2)SCC3=CC=C(C=C3)OCC)N"""
918,42560846,BWGIECJEQVGDRP-UHFFFAOYSA-N,"""CC(=O)C1=C(N=C(N=C1SCC2=CC=CC=C2)C3=CC=CC=C3)N"""
919,1303448,PKNNCDGLZOSLJS-UHFFFAOYSA-N,"""CC1=CC(=NC2=C1C3=C(S2)C(=NC(=N3)C)SCC4=CC=CC=C4)C"""
920,21310426,SUGVYNSRNKFXQM-ACSDJOOWSA-N,"""CC1=CC=C(C=C1)CN2C(=CC(=N2)C(=O)NC3C(C4CCC3(C4)C)(C)C)C5=CC(=C(C=C5)Cl)C"""
921,9921157,QLOOWOVVZLBYHU-UHFFFAOYSA-N,"""CCC1=CC2=C(O1)C=CC3=C2N(N=C3)CC(C)N"""
922,717813,YPAKIZUIDJVWEU-UHFFFAOYSA-N,"""C1CCC2=C(C1)C3=C(S2)N=CN=C3SCC4=CC=CC=C4"""
923,1243152,IULBXDZWXBXGNP-UHFFFAOYSA-N,"""C1CC2=C(C1)SC3=C2C(=NC=N3)SCC4=CC=CC=C4"""
924,1586772,JBGBKQZMARTYMJ-UHFFFAOYSA-N,"""C1=CC=C(C=C1)CSC2=NC=NC3=C2C(=CS3)C4=CC=CC=C4"""
925,1569241,OIOMPFBFUIBOFU-UHFFFAOYSA-N,"""CC1=C(SC2=C1C(=NC=N2)SCC3=C(C=CC=C3Cl)Cl)C"""
926,709416,YQZJKNSLWYSIQK-UHFFFAOYSA-N,"""CC1=CC=C(C=C1)CSC2=NC=NC3=C2C(=C(S3)C)C"""
927,1587425,GKQNHLVTVYRVPU-UHFFFAOYSA-N,"""CC1=NC2=C(C=C(S2)C3=CC=CC=C3)C(=N1)SCC4=CC=CC=C4"""
928,706043,FHGYGOURWHLFKB-UHFFFAOYSA-N,"""CC(=O)CSC1=NC=NC2=C1C=C(S2)C3=CC=CC=C3"""
929,706024,BYOFGWKOPRCCDL-UHFFFAOYSA-N,"""C1=CC=C(C=C1)C2=CC3=C(N=CN=C3S2)OC4=CC=C(C=C4)C=O"""
930,676630,BKOSOHWFMPLYRS-UHFFFAOYSA-N,"""CC1=C(SC2=NC=NC(=C12)NC)C"""
931,6461607,HOASDGCNODVMOU-UHFFFAOYSA-N,"""CC1=CC2=C(S1)N=CN=C2SC"""
