,compound_id,base_rdkit_smiles,relation,pXC50,active
0,CHEMBL3084783,CN1[C@H]2CCC[C@@H]1C[C@@H](NC(=O)c1cccc3nc(-c4ccccc4)oc13)C2,,7.39,1
1,CHEMBL295155,COc1cc(N)c(Cl)cc1C(=O)NC1C2CC3CC1CN(C3)C2,,8.05,1
2,CHEMBL223951,O=C(NCCN1CCCCC1)c1ccc2c(=O)n(Cc3ccccc3Cl)c(=O)[nH]c2c1,,5.68,0
3,CHEMBL124886,CN1CCN(c2nc3cccc(F)c3n3cccc23)CC1,,9.36,1
4,CHEMBL224160,CC1CCCCN1CCNC(=O)c1ccc2c(=O)n(Cc3ccc(Cl)cc3)c(=O)[nH]c2c1,,5.55,0
5,CHEMBL585925,COc1cc(N)c(Cl)cc1C(=O)N[C@H]1CCN(C[C@H]2CCCC[C@]2(O)c2cccc(O)c2)C[C@H]1OC,,6.41,0
6,CHEMBL715,Cc1cc2c(s1)Nc1ccccc1N=C2N1CCN(C)CC1,,6.0,0
7,CHEMBL1632158,COC(=O)CCCCCN1CCC(CNC(=O)c2c3n(c4ccccc24)CCCO3)CC1,,5.6,0
8,CHEMBL1242950,CCCCC1CCN(CCCC(=O)c2ccccc2C)CC1,,6.0,0
9,CHEMBL605573,c1ccc(Oc2ccc3oc(N4CCN5CCC4CC5)nc3n2)cc1,,5.17,0
10,CHEMBL1272232,Nc1nc2c(C(=O)N[C@@H]3CN4CCC3CC4)cc(Cl)cc2o1,,8.33,1
11,CHEMBL490071,CN1CCN(c2nc(NCc3ccccc3)c3cc(Cl)ccc3n2)CC1,,7.86,1
12,CHEMBL2169965,CNc1nc(N2CCN(C)CC2)nc2ccccc12,,8.53,1
13,CHEMBL74656,COc1cc(N)c(Cl)cc1C(=O)N[C@H]1CCN(CCCOc2ccc(F)cc2)C[C@H]1OC,,5.7,0
14,56946195,Oc1cc(-c2ccc(OCCCN3CCCCC3)cc2)cnn1,,7.6370450000000005,1
15,CHEMBL3084766,CC(C)[C@H]1COCCN1c1nc2c(C(=O)N[C@H]3C[C@@H]4CCC[C@H](C3)N4C)cccc2o1,,8.3,1
16,CHEMBL3261485,COc1cc2c3c(cnn3CCN([C@@H]3CN4CCC3CC4)C2=O)c1,,7.3100000000000005,1
17,CHEMBL1290003,CN1[C@H]2CCC[C@@H]1C[C@H](NC(=O)c1nn(C)c3ccccc13)C2,,9.28,1
18,CHEMBL2011591,Cc1c(N2CCN(C)CC2)nc2ccccc2c1C(=O)NCCCCCCCNC(=O)NCC(=O)O,,7.59,1
19,CHEMBL1086333,COc1ccccc1-c1ccc(NC(=O)NCCCCN2CCCCC2)cc1,,5.11,0
20,CHEMBL388212,C1=C2CN3CC[C@]45c6ccccc6N6[C@H]4[C@@H]([C@H]2C[C@H]35)[C@@H](OC1)N(c1ccccc1)[C@@H]1[C@H]2CCN3CC4=CCO[C@@H]6[C@@H]1[C@H]4C[C@@H]23,,5.51,0
21,CHEMBL610228,c1cc2oc(N3CCN4CCC3CC4)nc2nc1N1CCCC1,,5.2,0
22,CHEMBL3084779,CN1[C@H]2CCC[C@@H]1C[C@@H](NC(=O)c1cccc3oc(-c4ccccc4)nc13)C2,,7.82,1
23,CHEMBL224389,O=C(NCCN1CCCCC1)c1ccc2c(=O)n(-c3ccc(F)cc3)c(=O)[nH]c2c1,,5.72,0
24,76320680,CN1[C@H]2CCC[C@@H]1CC(NC(=O)c1cccc3oc(N4CCOCC4)nc13)C2,,7.397939999999998,1
25,11376655,Cc1c(N2CCN(C)CC2)nc2ccccc2c1C(=O)NCCCCCCCNc1c2c(nc3ccccc13)CCCC2,,8.250905,1
26,CHEMBL2180836,COc1ccc(-c2cc(NC(=O)CCCN3CCCCCC3)n[nH]2)cc1,,4.5,0
27,CHEMBL304534,c1ccc(CCCn2c(N3CCNCC3)nc3ccccc32)cc1,,8.1,1
28,53316626,Cn1cc2c3c(cccc31)C(=O)N([C@@H]1CN3CCC1CC3)C2,,9.1549,1
29,CHEMBL342447,Fc1ccc2c(c1)nc(N1CCN(Cc3ccccc3)CC1)c1cccn12,,7.89,1
30,10247701,c1ccc2c(N3CCN(CCc4ccc5nc[nH]c5c4)CC3)cccc2c1,,5.28,0
31,76316934,CCN(CC)c1ccc2cc(C(=O)NCCCOc3cccc4c(C(=O)NC5C[C@@H]6CCC[C@H](C5)N6C)nn(C)c34)c(=O)oc2c1,,6.8041,0
32,CHEMBL403858,O=C(N[C@@H]1C[C@H]2CCN(C2)C1)c1cc2ccoc2cn1,,6.46,0
33,CHEMBL1277006,Oc1nc(CCCCN2CCN(c3ccc4ccccc4n3)CC2)nc2c1CCCC2,,7.61,1
34,CHEMBL523716,N/C(CN1CCN(c2nc3cc(F)ccc3n3cccc23)CC1)=N\O,,9.1,1
35,CHEMBL1272123,CC(C)N(C)c1nc2c(C(=O)N[C@@H]3CN4CCC3CC4)cccc2o1,,7.18,1
36,11244122,c1ccc(-c2cnc3nc(N4CCN5CCC4CC5)oc3c2)cc1,,5.67428,0
37,5011,c1ccc2nc(N3CCNCC3)ccc2c1,,8.7259,1
38,23155758,Nn1c(CCCCN2CCN(c3ccc4ccccc4n3)CC2)nc2c(Cl)cccc2c1=O,,7.0804,1
39,24769782,C[C@H]1COCCN1c1nc2c(C(=O)NC3C[C@@H]4CCC[C@H](C3)N4C)cccc2o1,,7.889410000000002,1
40,CHEMBL225484,O=C(NCCN1CCCCC1)c1ccc2c(=O)n(Cc3ccccc3F)c(=O)[nH]c2c1,,5.68,0
41,CHEMBL2204364,Cc1ccc(Sc2cccc(C)c2N2CCNCC2)c(C)c1,,6.8,0
42,76320682,CN1[C@H]2CCC[C@@H]1CC(NC(=O)c1cccc3oc(N4CCOC[C@@H]4C(C)(C)C)nc13)C2,,8.69897,1
43,CHEMBL3084763,C[C@@H]1COCCN1c1nc2c(C(=O)N[C@H]3C[C@@H]4CCC[C@H](C3)N4C)cccc2o1,,7.03,1
44,CHEMBL1272016,COc1ccccc1-c1nc2c(C(=O)N[C@@H]3CN4CCC3CC4)cccc2o1,,7.33,1
45,CHEMBL466662,N[C@H](C=O)C(O)N1CCN(c2nc3cc(F)ccc3n3cccc23)CC1,,6.63,0
46,CHEMBL570710,COc1cc(N)c(Cl)cc1C(=O)N[C@@H]1CCN(C[C@H]2CCCC[C@]2(O)c2cccc(O)c2)C[C@@H]1OC,,5.8,0
47,CHEMBL329179,Cc1[nH]cnc1Cc1nc(-c2ccccc2F)cs1,,8.71,1
48,CHEMBL244561,C=CC[N+]12CC[C@H]3[C@@H]1C[C@H]1C(=CCO[C@@H]4[C@H]1[C@@H]3N(c1ccccc1)[C@@H]1OCC=C3CN5CC[C@]67c8ccccc8N4[C@H]6[C@H]1[C@H]3C[C@H]57)C2,,4.72,0
49,CHEMBL3084432,CN1[C@H]2CCC[C@@H]1C[C@@H](NC(=O)c1nn(CCCNC(=S)Nc3ccc(-c4c5ccc(=O)cc-5oc5cc(O)ccc45)c(C(=O)O)c3)c3ccccc13)C2,,8.8,1
50,24996325,Cc1cccc(-n2ncc(-c3ccc(OCCCN4CCC[C@H]4C)cc3)cc2=O)n1,,8.552365,1
51,CHEMBL479683,O=c1cc(CCc2ccccc2)oc2cccc(O)c12,,5.6,0
52,CHEMBL2204363,Cc1ccc(Sc2ccccc2N2CCNCC2)c(Cl)c1,,8.14,1
53,CHEMBL2402898,COC(=O)N1CCN(CCN2CCC(CNC(=O)c3cccc4nc(C(C)C)[nH]c34)CC2)CC1,,4.1,0
54,CHEMBL1958329,O=c1cc(-c2ccc(OCCCN3CCCCC3)cc2)cnn1-c1ccccn1,,7.955,1
55,CHEMBL462417,CNc1nc(NCCC2CCN(C)C2)nc2ccc(Cl)cc12,,4.93,0
56,CHEMBL363124,c1ccc2c(N3CCN(CCc4ccc5n[nH]nc5c4)CC3)cccc2c1,,5.0,0
57,CHEMBL598804,CN1[C@H]2CCC[C@H]1CC(NC(=O)c1nn(C)c3ccc(O)cc13)C2,,8.14,1
58,CHEMBL56564,CN1[C@H]2CC[C@@H]1C[C@H](OC(=O)c1c[nH]c3ccccc13)C2,,8.8,1
59,671690,CN1[C@H]2CC[C@@H]1CC(OC(=O)c1cc(Cl)cc(Cl)c1)C2,,8.40894,1
60,CHEMBL1170237,CN1C(=N)N(C)/C(=C/c2c[nH]c3ccc(Br)cc23)C1=O,,6.0,0
61,CHEMBL382243,C[N+](C)(C)Cc1c2n(c3ccccc13)Cc1c(C[N+](C)(C)C)c3ccccc3n1C2,,4.0,0
62,9904281,NC1=NCc2c(ccc(Cl)c2Cl)N1,,6.764469999999998,0
63,71462776,CCCN1CCC(COc2nc3c(I)cccc3c3ccccc23)CC1,,5.8814,0
64,11339853,NN1C(=O)C2CC(O)CCC2=NC1=CCCCN1CCN(c2ccc3ccccc3n2)CC1,,7.33255,1
65,CHEMBL128,CN=S(O)(O)=Cc1ccc2[nH]cc(CCN(C)C)c2c1,,8.03,1
66,CHEMBL68281,C=CCn1c(N2CCNCC2)nc2ccccc21,,6.62,0
67,CHEMBL34291,COc1cc(N)c(Cl)cc1C(=O)NC[C@@H]1CCN2CCC[C@@H]12,,6.82,0
68,CHEMBL1277561,NN1C(=O)C2CCCCC2=NC1=C1CCC(N2CCN(c3ccc4ccccc4n3)CC2)CC1,,6.6,0
69,24995990,Cc1nn(C)c(=O)cc1-c1ccc(OCCCN2CCCCC2)cc1,,7.8976700000000015,1
70,CHEMBL389120,COc1ccc(C[N+]23CC[C@H]4[C@@H]2C[C@H]2C(=CCO[C@@H]5[C@H]2[C@@H]4N(c2ccccc2)[C@@H]2OCC=C4C[N+]6(Cc7ccc(OC)c(OC)c7)CC[C@]78c9ccccc9N5[C@H]7[C@H]2[C@H]4C[C@@H]86)C3)cc1OC,,4.6,0
71,62705130,CN1C(=N)N(C)/C(=C/c2c[nH]c3c(Br)cccc23)C1=O,,5.91257,0
72,76309747,CN1[C@H]2CCC[C@@H]1CC(NC(=O)c1cccc3oc(N4CCNCC4)nc13)C2,,7.14146,1
73,24178523,C[C@H]1COC[C@H](C)N1c1nc2c(C(=O)NC3C[C@@H]4CCC[C@H](C3)N4C)cccc2o1,,9.22185,1
74,69937258,O=C1c2cccc3ccn(c23)CCN1[C@H]1CN2CCC1CC2,,7.17005,1
75,CHEMBL512418,Oc1n[nH]c(CN2CCN(c3nc4cc(F)ccc4n4cccc34)CC2)n1,,7.77,1
76,CHEMBL2391541,C=CCN(CC=C)CCc1c[nH]c2ccc(OC)cc12,,5.0,0
77,70685201,Cc1c(N2CCN(C)CC2)nc2ccccc2c1C(=O)NCCOCCOCCOCCOCCOCCOCCOCCOCCOCCNC(=O)c1c(C)c(N2CCN(C)CC2)nc2ccccc12,,7.8239100000000015,1
78,CHEMBL459689,CN1C(=O)[C@@H](CN2CCCCC2)C[C@H]1C#Cc1ccc2c(ccn2C)c1,,4.6,0
79,46831057,O=C(NCCCCN1CCCCC1)Nc1ccc(-c2ccccc2F)cc1,,5.24413,0
80,CHEMBL454890,CN1CCN(c2nc(NCc3ccoc3)c3cc(Cl)ccc3n2)CC1,,8.55,1
81,76335134,CCN(CC)c1ccc2cc(C(=O)NCCOCCOCCOc3cccc4c(C(=O)NC5C[C@@H]6CCC[C@H](C5)N6C)nn(C)c34)c(=O)oc2c1,,5.88606,0
82,CHEMBL1945843,C[C@@H]1CCCN1CCCOc1ccc(-c2cnn(-c3ccccn3)c(=O)c2)cc1,,8.88,1
83,CHEMBL423899,CN1CCN(c2nc3ncccc3n3cccc23)CC1,,8.62,1
84,CHEMBL492395,ON=C(O)CN1CCN(c2nc3cc(F)ccc3n3cccc23)CC1,,8.66,1
85,CHEMBL3084444,CN1[C@H]2CCC[C@@H]1C[C@H](NC(=O)c1nn(C)c3c(OCCOCCOCCNC(=S)Nc4ccc(-c5c6ccc(=O)cc-6oc6cc(O)ccc56)c(C(=O)O)c4)cccc13)C2,,6.68,0
86,CHEMBL1643881,O=C1c2cccc3n[nH]c(c23)CN1[C@H]1CN2CCC1CC2,,8.36,1
87,CHEMBL117287,COCCCN1CCC(NC(=O)c2cc(Cl)c(N)c3c2OCC3)CC1,,5.4,0
88,CHEMBL3084712,Cn1c(C(=O)O[C@@H]2C[C@@H]3CC[C@H](C2)N3)cc2ccccc21,,7.6,1
89,76316931,CN1[C@H]2CCC[C@@H]1CC(NC(=O)c1nn(CCCNC(=S)Nc3ccc(-c4c5ccc(=O)cc-5oc5cc(O)ccc45)c(C(=O)O)c3)c3ccccc13)C2,,8.79588,1
90,56593934,CC/N=C(\NS(=O)(=O)c1cccc(Cl)c1)N1CC2(C=N1)CCNCC2,,5.0,0
91,CHEMBL598873,Fc1ccc2oc(N3CCN4CCC3CC4)nc2c1,,8.41,1
92,CHEMBL13790,NC(N)=NC(N)=Nc1cccc(Cl)c1,,5.949999999999999,0
93,71720442,CN(C)c1ccc2c(-c3ccc(C(=O)NCCCCCNC(=O)CCn4cc(CCN)c5cc(O)ccc54)cc3C(=O)O)c3ccc(=[N+](C)C)cc-3oc2c1,,7.08092,1
94,CHEMBL1276922,CC(=O)N1CCc2c(sc3nc(CCCCN4CCN(c5ccc6ccccc6n5)CC4)n(N)c(=O)c23)C1,,7.66,1
95,CHEMBL1770373,c1ccc(Cc2ncc3c(n2)CCNCC3)cc1,,5.64,0
96,CHEMBL2058426,C/N=C1\N(C)C(=O)/C(=C\c2c[nH]c3cccc(Br)c23)N1C,,6.23,0
97,CHEMBL2402902,CC(=O)N(C)CC(O)CN1CCC(CNC(=O)c2cccc3nc(C(C)C)[nH]c23)CC1,,4.2,0
98,CHEMBL2402895,CS(=O)(=O)N1CCN(CC(O)CN2CCC(CNC(=O)c3cccc4[nH]c(-c5ccccc5)nc34)CC2)CC1,,4.8,0
99,CHEMBL3233680,CN1[C@H]2CC[C@H]1CC(NC(=O)c1nn(C)c3ccccc13)C2,,7.6,1
100,76309745,CCC[C@H]1COCCN1c1nc2c(C(=O)NC3C[C@@H]4CCC[C@H](C3)N4C)cccc2o1,,8.40894,1
101,CHEMBL3084441,CCN(CC)c1ccc2cc(C(=O)NCCOc3cccc4c(C(=O)N[C@H]5C[C@@H]6CCC[C@H](C5)N6C)nn(C)c34)c(=O)oc2c1,,8.72,1
102,CHEMBL1958326,Cc1nn(C)c(=O)cc1-c1ccc(OCCCN2CCC[C@H]2C)cc1,,8.445,1
103,62705633,C/N=C1\N(C)C(=O)/C(=C\c2c[nH]c3ccc(Br)cc23)N1C,,5.58104,0
104,CHEMBL1641625,CC(C)Cn1nc2c3c(cccc31)C(=O)N([C@@H]1CN3CCC1CC3)C2,,8.62,1
105,CHEMBL404372,C[C@@H]1NC(N)=Nc2cccc(Cl)c21,,5.97,0
106,CHEMBL2431120,COc1cc2nc(C3CC3)nc(N3CCN(c4ccccc4OC)CC3)c2cc1OC,,6.0,0
107,11680667,Cc1nc2nc(N3CCN4CCC3CC4)oc2cc1F,,6.26201,0
108,CHEMBL2402893,CC(C)(C)c1nc2c(C(=O)NCC3CCN(CC(O)CN4CCN(S(C)(=O)=O)CC4)CC3)cccc2[nH]1,,4.4,0
109,CHEMBL461360,CNc1nc(N2CC[C@H](N)C2)nc2ccc(Cl)cc12,,5.63,0
110,CHEMBL229999,C[N+](C)(Cc1ccc([N+](=O)[O-])cc1)Cc1c2n(c3ccccc13)Cc1c(C[N+](C)(C)Cc3ccc([N+](=O)[O-])cc3)c3ccccc3n1C2,,4.52,0
111,CHEMBL466456,Fc1ccc2c(c1)nc(N1CCN(Cc3nnn[nH]3)CC1)c1cccn12,,7.19,1
112,24995994,C[C@@H]1CCCN1CCCOc1ccc(-c2cnn(C)c(=O)c2)cc1,,8.490625,1
113,CHEMBL396705,C1=C2C[N+]3(Cc4ccccc4)CC[C@]45c6ccccc6N6[C@H]4[C@@H]([C@H]2C[C@@H]53)[C@@H](OC1)N(c1ccccc1)[C@@H]1[C@H]2CC[N+]3(Cc4ccccc4)CC4=CCO[C@@H]6[C@@H]1[C@H]4C[C@@H]23,,4.0,0
114,66898814,O=C1c2cc(F)cc3cnn(c23)CCN1[C@@H]1CN2CCC1CC2,,7.47191,1
115,CHEMBL2402892,CS(=O)(=O)N1CCN(CC(O)CN2CCC(CNC(=O)c3cccc4nc(C5CC5)[nH]c34)CC2)CC1,,4.3,0
116,CHEMBL224159,O=C(NCCN1CCOCC1)c1ccc2c(=O)n(Cc3ccc(F)cc3)c(=O)[nH]c2c1,,4.7,0
117,CHEMBL2205039,Cc1ccc(Sc2ccc(F)cc2)c(N2CCNCC2)c1,,6.36,0
118,CHEMBL1729,COc1cc(N)c(Cl)cc1C(=O)NC1CCN(CCCOc2ccc(F)cc2)CC1OC,,5.82,0
119,CHEMBL390135,C=CC[N+]12CC[C@H]3[C@@H]1C[C@H]1C(=CCO[C@@H]4[C@H]1[C@@H]3N(c1ccccc1)[C@@H]1OCC=C3C[N+]5(CC=C)CC[C@]67c8ccccc8N4[C@H]6[C@H]1[C@H]3C[C@@H]75)C2,,4.0,0
120,CHEMBL2169972,CN1CCN(c2cc3ccccc3c(N)n2)CC1,,6.66,0
121,CHEMBL3084431,CCN(CC)c1ccc2cc(C(=O)NCCCn3nc(C(=O)N[C@H]4C[C@@H]5CCC[C@H](C4)N5C)c4ccccc43)c(=O)oc2c1,,6.7,0
122,76313432,O=C(OC1C[C@@H]2CC[C@H](C1)N2)c1cc2ccccc2[nH]1,,7.49485,1
123,CHEMBL224008,COc1cccc(Cn2c(=O)[nH]c3cc(C(=O)NCCN4CCCCC4)ccc3c2=O)c1,,5.57,0
124,CHEMBL287045,CCN(CC)CCOC(=O)c1cc(Cl)c(N)cc1OC,,6.9,0
125,53237436,COc1ccc(Sc2ccccc2N2CCNCC2)cc1,,7.4437,1
126,CHEMBL565547,Cc1nc2c3c(nc(Cc4ccccc4)n2n1)CCNCC3,,5.43,0
127,24996324,O=c1cc(-c2ccc(OCCCN3CCCCCC3)cc2)cnn1-c1ccccn1,,8.10041,1
128,53317929,O=C1c2cccc3c2c(nn3-c2ccc(F)cc2)CN1[C@@H]1CN2CCC1CC2,,8.10237,1
129,44157942,N[C@@H](CN1CCN(c2nc3cc(F)ccc3n3cccc23)CC1)C(=O)O,,8.55284,1
130,CHEMBL224648,O=C(NCCN1CCOCC1)c1ccc2c(=O)n(Cc3ccc(Cl)cc3)c(=O)[nH]c2c1,,4.8,0
131,CHEMBL576282,Fc1ccc2c(c1)nc(N1CCN(CC3=NCCN3)CC1)c1cccn12,,7.52,1
132,53237671,Cc1ccccc1Sc1ccccc1N1CCNCC1,,7.49485,1
133,CHEMBL472219,C[C@@]12CCCN1CC[C@H]2CNC(=O)c1cc(Cl)cc2nc[nH]c12,,6.6,0
134,CHEMBL1834350,CCN/C(=N\S(=O)(=O)c1cccc(Cl)c1)N1CC2(C=N1)CCNCC2,,5.0,0
135,CHEMBL1628655,Cn1cc(C(=O)C2CCc3nc[nH]c3C2)c2ccccc21,,9.82,1
136,CHEMBL364005,Cc1[nH]c2ccc(Cl)cc2c1C1=CCNCC1,,7.47,1
137,53237661,FC(F)(F)c1ccc(Sc2ccccc2N2CCNCC2)cc1,,6.85387,0
138,CHEMBL1276834,NN1C(=O)C2CCCC2=NC1=CCCCN1CCN(c2ccc3ccccc3n2)CC1,,7.21,1
139,CHEMBL489664,CN1CCN(c2nc(NCCO)c3cc(Cl)ccc3n2)CC1,,7.83,1
140,CHEMBL2169890,CN1CCN(c2ncc3cc(Cl)ccc3n2)CC1,,8.13,1
141,CHEMBL2205031,Cc1ccc(Sc2cc(C)ccc2N2CCNCC2)c(C)c1,,7.35,1
142,CHEMBL519609,CCN(CC)CCCOC(=O)N1c2ccccc2Sc2ccccc21,,5.41,0
143,CHEMBL356359,CCCCN1CCC(CNC(=O)c2c3n(c4ccccc24)CCCO3)CC1,,6.0,0
144,CHEMBL376596,CCC1CCCCN1CCCNC(=O)c1ccc2c(=O)n(Cc3ccc(Cl)cc3)c(=O)[nH]c2c1,,5.32,0
145,76313433,Cn1c(C(=O)OC2C[C@@H]3CC[C@H](C2)N3)cc2ccccc21,,7.602060000000002,1
146,CHEMBL395960,CC(=O)OCC[N+]12CC[C@H]3[C@@H]1C[C@H]1C(=CCO[C@@H]4[C@H]1[C@@H]3N(c1ccccc1)[C@@H]1OCC=C3C[N+]5(CCOC(C)=O)CC[C@]67c8ccccc8N4[C@H]6[C@H]1[C@H]3C[C@@H]75)C2,,4.0,0
147,CHEMBL2205048,COc1cccc(Sc2ccccc2N2CCNCC2)c1,,7.21,1
148,44157838,O=C(O)CN1CCN(c2nc3cc(F)ccc3n3cccc23)CC1,,7.93181,1
149,CHEMBL224227,CC1CCCCN1CCCNC(=O)c1ccc2c(=O)n(Cc3ccc(Cl)cc3)c(=O)[nH]c2c1,,4.94,0
150,CHEMBL183776,COc1ccccc1N1CCN(CCc2ccc3n[nH]nc3c2)CC1,,5.0,0
151,CHEMBL2204362,COc1cc(C)ccc1Sc1ccccc1N1CCNCC1,,7.77,1
152,CHEMBL83954,COc1cc(N)c(Cl)cc1C(=O)OCCCN1CCCCC1,,5.7,0
153,CHEMBL93919,COc1ccccc1-c1csc(Cc2[nH]cnc2C)n1,,9.38,1
154,25070031,C[C@@H]1CCCN1CCCOc1ccc(-c2ccc(O)nn2)cc1,,8.38529,1
155,CHEMBL2448137,COc1cc(N)c(Cl)cc1C(=O)N[C@H]1C2CC3CN(C2)CC31,,8.41,1
156,76335155,C[C@@H]1CNC[C@@H](C)N1c1nc2c(C(=O)NC3C[C@@H]4CCC[C@H](C3)N4C)cccc2o1,,7.226210000000001,1
157,CHEMBL415569,OC/C=C1/C[N+]2(C3C=CCCC3)CC[C@H]3[C@@H]2C[C@@H]1C1=CN2c4ccccc4[C@@]45CC[N+]6(C7C=CCCC7)CC7=CCO[C@H]([C@@H]([C@H]24)[C@H]7C[C@@H]56)N(c2ccccc2)[C@@H]13,,4.52,0
158,11184481,Cc1ccc2oc(N3CCN4CCC3CC4)nc2n1,,7.43564,1
159,CHEMBL1210515,O=C(CN1N=C(C2CCCCC2)CC(=Cc2ccco2)C1=O)NC1Cc2ccccc2C1,,5.1,0
160,CHEMBL571483,Oc1ccc2c(c1)nc(N1CCN(Cc3c[nH]cn3)CC1)c1cccn12,,8.65,1
161,CHEMBL597842,Cc1ccc2oc(N3CCN4CCC3CC4)nc2c1,,8.47,1
162,44592241,N#Cc1ccc2ccc(OCC3CCNCC3)cc2c1,,6.3936199999999985,0
163,CHEMBL2205044,Fc1ccc(Sc2ccccc2N2CCNCC2)cc1,,7.28,1
164,CHEMBL1277462,Nn1c(SCCCN2CCN(c3ccc4ccccc4n3)CC2)nc2ncccc2c1=O,,7.19,1
165,CHEMBL2401750,CC(=O)N1CCC(CN2CCC(CNC(=O)c3cccc4nc(C(C)C)[nH]c34)CC2)CC1,,4.0,0
166,1683,CN1C2CCC1CC(OC(=O)c1cc(Cl)cc(Cl)c1)C2,,8.026869999999999,1
167,CHEMBL599760,CC(=O)N1CCN(C[C@@H](C)NC(=O)c2cc3c(-c4ccccc4)nn(C)c3s2)CC1,,5.0,0
168,CHEMBL3104093,CN1CCc2c(c3cccc4c3n2CCc2ccccc2-4)C1,,6.3,0
169,CHEMBL1189679,O=C1c2cccc3c2[C@H](CCC3)CN1[C@@H]1CN2CCC1CC2,,10.5,1
170,CHEMBL2011589,Cc1c(N2CCN(C)CC2)nc2ccccc2c1C(=O)NCCCCCCNc1c2c(nc3ccccc13)CCCC2,,7.15,1
171,11305391,Nn1c(CCCCN2CCN(c3ccc4ccccc4n3)CC2)nc2ccc(F)cc2c1=O,,7.0026100000000016,1
172,76313418,CN(C)c1cccc2c(S(=O)(=O)NCCCn3nc(C(=O)NC4C[C@@H]5CCC[C@H](C4)N5C)c4ccccc43)cccc12,,8.920819999999997,1
173,CHEMBL2204359,Clc1ccc(Sc2ccccc2N2CCNCC2)c(Cl)c1,,7.59,1
174,CHEMBL260565,CN1CCN(c2ccc3cc(Cl)ccc3n2)CC1,,6.6,0
175,CHEMBL2169970,CN1CCN(c2cc(N)c3ccccc3n2)CC1,,8.84,1
176,45485564,COc1cc(N)c(Cl)cc1C(=O)N[C@@H]1CCN(C[C@@H]2CCCC[C@@]2(O)c2cccc(O)c2)C[C@@H]1OC,,5.85387,0
177,CHEMBL2205035,Cc1ccc(Oc2ccccc2N2CCNCC2)c(C)c1,,6.57,0
178,CHEMBL1277463,Nn1c(SCCCN2CCN(c3ccc4ccccc4n3)CC2)nc2sc3c(c2c1=O)CCNC3,,7.0,0
179,CHEMBL3217984,CN1CCC2C(C1)c1cccc3c1N2c1ccccc1CS3,,6.2,0
180,1354,NC(N)=N/C(N)=N/c1cccc(Cl)c1,,6.09691,0
181,11173546,CN1CC2CN(c3ccc(-c4ccccc4)nn3)CC2C1,,6.8239100000000015,0
182,CHEMBL395727,C[N+]12CC[C@H]3[C@@H]1C[C@H]1C(=CCO[C@@H]4[C@H]1[C@@H]3N(c1ccccc1)[C@@H]1OCC=C3C[N+]5(C)CC[C@]67c8ccccc8N4[C@H]6[C@H]1[C@H]3C[C@@H]75)C2,,5.0,0
183,CHEMBL572038,COc1cccc([C@@]2(O)CCCC[C@@H]2CN(C)CCNC(=O)c2cc(Cl)c(N)cc2OC)c1,,5.46,0
184,CHEMBL388401,O=C(NCCN1CCCC1)c1ccc2c(=O)n(Cc3ccc(Cl)cc3)c(=O)[nH]c2c1,,5.12,0
185,CHEMBL494999,Cc1cccc2nc(N3CCN(C(C(=O)O)c4ccccc4)CC3)c3cccn3c12,,7.36,1
186,CHEMBL2169968,CN1CCN(c2ccc3ccccc3c2)CC1,,6.27,0
187,CHEMBL3084582,COc1ccc2nc(O)n(C(=O)N[C@H]3C[C@@H]4CC[C@H](C3)N4C)c2c1,,6.5,0
188,44157837,N[C@H](CN1CCN(c2nc3cc(F)ccc3n3cccc23)CC1)C(=O)O,,8.920819999999997,1
189,CHEMBL570103,NNC(=O)CN1CCN(c2nc3cc(F)ccc3n3cccc23)CC1,,7.35,1
190,CHEMBL18928,NCCC1COc2ccc(C(N)=O)cc21,,5.37,0
191,76320681,CC[C@H]1COCCN1c1nc2c(C(=O)NC3C[C@@H]4CCC[C@H](C3)N4C)cccc2o1,,8.33724,1
192,CHEMBL2205033,Cc1ccc(Sc2ccccc2N2CCN(C)CC2)c(C)c1,,6.89,0
193,11230291,c1cc2nc(N3CCN4CCC3CC4)oc2cn1,,6.7904800000000005,0
194,CHEMBL2181188,CCCN1CCC(COc2nc3c(Cl)cccc3c3ccccc23)CC1,,5.61,0
195,CHEMBL223331,O=C(NCCN1CCCCC1)c1ccc2c(=O)n(Cc3cccc(F)c3)c(=O)[nH]c2c1,,5.62,0
196,CHEMBL2058415,CNc1nc(O)c(C=C2C=Nc3cccc(Br)c32)n1C,,5.23,0
197,CHEMBL379302,O=C(N[C@H]1CN2CCC1CC2)c1ccc2ccoc2c1,,6.51,0
198,53237892,Cc1ccc(Sc2ccccc2N2CCNCC2)cc1C,,7.481489999999999,1
199,CHEMBL473302,CN1CCN(c2nc(N)c3cc(Cl)ccc3n2)CC1,,7.92,1
200,CHEMBL611082,c1ccc2oc(N3CCN4CCC3CC4)nc2c1,,7.89,1
201,CHEMBL137621,c1ccc(CN2CCN(c3nc4ncccc4n4cccc34)CC2)cc1,,8.66,1
202,CHEMBL2169974,CN1CCN(c2ccc3cccc(N)c3n2)CC1,,6.48,0
203,CHEMBL224641,CC1CCCCN1CCCNC(=O)c1ccc2c(=O)n(C3CCCCC3)c(=O)[nH]c2c1,,5.23,0
204,CHEMBL225600,CCCn1c(=O)[nH]c2cc(C(=O)NCCN3CCCCC3)ccc2c1=O,,5.66,0
205,CHEMBL3084760,COc1ccc(-c2nc3cccc(C(=O)N[C@H]4C[C@@H]5CCC[C@H](C4)N5C)c3o2)cc1,,7.23,1
206,CHEMBL18041,COc1cc(N)c(Cl)cc1C(=O)NC1CN2CCC1CC2,,9.315000000000001,1
207,CHEMBL445505,O=C(O)CN1CCN(c2nc3cc(O)ccc3n3cccc23)CC1,,8.68,1
208,24996326,Cc1cccnc1-n1ncc(-c2ccc(OCCCN3CCC[C@H]3C)cc2)cc1=O,,8.336030000000001,1
209,CHEMBL1628632,Cc1[nH]cnc1CCC(=O)c1cn(C)c2ccccc12,,8.59,1
210,CHEMBL2402901,COC(=O)N(C)CC(O)CN1CCC(CNC(=O)c2cccc3nc(C(C)C)[nH]c23)CC1,,4.3,0
211,53237429,COc1ccc(Sc2ccc(C)cc2N2CCNCC2)cc1,,6.72125,0
212,CHEMBL3084443,CCN(CC)c1ccc2cc(C(=O)NCCOCCOCCOc3cccc4c(C(=O)N[C@H]5C[C@@H]6CCC[C@H](C5)N6C)nn(C)c34)c(=O)oc2c1,,5.89,0
213,CHEMBL1272177,CNc1nc2c(C(=O)N[C@@H]3CN4CCC3CC4)cccc2o1,,7.44,1
214,CHEMBL2180835,COc1ccc(-c2cc(NC(=O)CCCN3CCCCC3)n[nH]2)cc1,,4.5,0
215,CHEMBL558226,COc1cc(N)c(Cl)cc1C(=O)NC1C2CC3CN(C2)CC31,,8.92,1
216,CHEMBL33884,Cn1cc(C(=O)OCC2CCN(CC=N[SH](C)(=O)O)CC2)c2ccccc21,,5.0,0
217,24995991,Cc1nnc(O)cc1-c1ccc(OCCCN2CCC[C@H]2C)cc1,,8.546215,1
218,CHEMBL481863,c1ccc2oc(Oc3ccc(OCCN4CCCCC4)cc3)nc2c1,,5.52,0
219,CHEMBL1632174,O=C(O)CCCCCN1CCC(CNC(=O)c2c3n(c4ccccc24)CCCO3)CC1,,5.0,0
220,CHEMBL3084781,CN1[C@H]2CCC[C@@H]1C[C@@H](NC(=O)c1cccc3oc(-c4ccc(Cl)cc4)nc13)C2,,7.74,1
221,CHEMBL470432,CCCN1CCC(COc2nc3scc(C)c3n3cccc23)CC1,,8.16,1
222,CHEMBL597843,c1cnc2nc(N3CCN4CCC3CC4)oc2c1,,6.24,0
223,44157939,Fc1ccc2c(c1)nc(N1CCN(Cc3nnc[nH]3)CC1)c1cccn12,,8.46852,1
224,CHEMBL374351,O=C(NCCN1CCOCC1)c1ccc2c(=O)n(-c3ccc(F)cc3)c(=O)[nH]c2c1,,4.24,0
225,CHEMBL1276920,Cc1sc2nc(SCCCN3CCN(c4nc5ccccc5s4)CC3)n(N)c(=O)c2c1C,,7.06,1
226,CHEMBL1278175,CC1CCC2=NC(=CCCCN3CCN(c4ccc5ccccc5n4)CC3)N(N)C(=O)C2C1,,7.32,1
227,CHEMBL40260,NC(N)=NCc1nc(-c2c[nH]c3ccccc23)cs1,,8.48,1
228,45485619,COc1cc(N)c(Cl)cc1C(=O)NCCN(C)C[C@@H]1CCCC[C@@]1(O)c1cccc(O)c1,,5.60206,0
229,9794392,c1cnc2c(c1)C[C@@]1(CN3CCC1CC3)O2,,7.92082,1
230,CHEMBL290938,Cc1[nH]cnc1Cc1nc(-c2c[nH]c3ccccc23)cs1,,7.92,1
231,CHEMBL1277007,Cc1cc(N2CCN(CCCC=C3N=C4CCCCC4C(=O)N3N)CC2)nc2ccccc12,,7.23,1
232,CHEMBL2426072,O=C(O)/C=C/C(=O)N1N=C(c2c(O)nc3ccccc3c2-c2ccc(Br)cc2)CC1c1ccc(Cl)cc1,,6.12,0
233,CHEMBL224310,O=C(NCCCN1CCOCC1)c1ccc2c(=O)n(Cc3ccc(Cl)cc3)c(=O)[nH]c2c1,,5.89,0
234,CHEMBL1277280,Nn1c(SCCCN2CCN(c3ccc4ccccc4n3)CC2)nc2ccccc2c1=O,,7.16,1
235,44157938,Cc1cccc2nc(N3CCN(C(CO)c4ccccc4)CC3)c3cccn3c12,,7.10237,1
236,CHEMBL3093187,Fc1cccc2c1nc(OCC1CCN(CCCC(F)(F)F)CC1)c1cccnc12,,5.59,0
237,2818,CN1CCN(C2=Nc3cc(Cl)ccc3Nc3ccccc32)CC1,,7.112425,1
238,CHEMBL2181166,Fc1cccc2c1nc(OCC1CCN(CCCc3ccc(I)cc3)CC1)c1cccnc12,,6.39,0
239,45485620,COc1cccc([C@@]2(O)CCCC[C@@H]2CN2CC[C@H](NC(=O)c3cc(Cl)c(N)cc3OC)[C@H](OC)C2)c1,,6.10237,0
240,CHEMBL2205040,Cc1ccc(Sc2ccc(C)cc2N2CCNCC2)cc1,,6.59,0
241,CHEMBL489271,CN1CCN(c2nc(NCc3ccc(N)cc3)c3cc(Cl)ccc3n2)CC1,,8.57,1
242,CHEMBL3084770,CC[C@H]1COC[C@H](C)N1c1nc2c(C(=O)N[C@H]3C[C@@H]4CCC[C@H](C3)N4C)cccc2o1,,9.0,1
243,CHEMBL571046,Fc1ccc2c(c1)nc(N1CCN(Cc3ncc[nH]3)CC1)c1cccn12,,8.25,1
244,CHEMBL3084767,CC(C)C[C@H]1COCCN1c1nc2c(C(=O)N[C@H]3C[C@@H]4CCC[C@H](C3)N4C)cccc2o1,,8.46,1
245,CHEMBL597644,Brc1ccc2oc(N3CCN4CCC3CC4)nc2c1,,7.77,1
246,CHEMBL570487,COc1cccc([C@]2(O)CCCC[C@H]2CN2CC[C@H](NC(=O)c3cc(Cl)c(N)cc3OC)[C@H](OC)C2)c1,,5.77,0
247,44623401,Cc1c(N2CCN(C)CC2)nc2ccccc2c1C(=O)NCCOCCOCCNC(=O)NCC(=O)O,,6.85078,0
248,CHEMBL2402896,CC(C)c1nc2cc(Cl)cc(C(=O)NCC3CCN(CC(O)CN4CCN(S(C)(=O)=O)CC4)CC3)c2[nH]1,,5.9,0
249,CHEMBL1272176,CN(C)c1nc2c(C(=O)N[C@@H]3CN4CCC3CC4)cccc2o1,,7.74,1
250,CHEMBL3104092,CN1CCc2c(c3cccc4c3n2Cc2ccccc2C4)C1,,5.0,0
251,CHEMBL2332488,CN(C)CCCn1c(=O)c(C#N)c(-c2ccccc2)c2ccccc21,,4.72,0
252,CHEMBL490073,CC(C)Nc1nc(N2CCN(C)CC2)nc2ccc(Cl)cc12,,6.78,0
253,CHEMBL2204355,COc1cccc(Sc2ccccc2N2CCNCC2)c1OC,,7.1,1
254,53317928,CC(C)n1nc2c3c(cccc31)C(=O)N([C@H]1CN3CCC1CC3)C2,,8.4437,1
255,CHEMBL1271790,C[C@H]1COC[C@H](C)N1c1nc2c(C(=O)N[C@@H]3CN4CCC3CC4)cccc2o1,,8.17,1
256,CHEMBL1643882,O=C1c2cccc3n[nH]c(c23)CN1[C@@H]1CN2CCC1CC2,,8.31,1
257,CHEMBL598805,CN1[C@H]2CCC[C@H]1CC(NC(=O)c1nn(C)c3ccc(OCc4ccccc4)cc13)C2,,5.52,0
258,53237667,Cc1cccc(Sc2ccccc2N2CCNCC2)c1,,7.19382,1
259,CHEMBL421747,Cc1[nH]cnc1Cc1nc(-c2cccc3cccnc23)cs1,,9.0,1
260,76316951,CN1[C@H]2CCC[C@@H]1CC(NC(=O)c1cccc3oc(-c4ccccc4)nc13)C2,,7.82102,1
261,76313440,CN1[C@H]2CCC[C@@H]1CC(NC(=O)c1cccc3oc(-c4ccc(Cl)cc4)nc13)C2,,7.7447300000000014,1
262,CHEMBL370758,O=C1[C@@H]2CCCN2C(=O)CN1CN1CCN(c2cccc3ccccc23)CC1,,8.05,1
263,53237435,c1ccc(Sc2ccccc2N2CCNCC2)cc1,,7.19382,1
264,76313441,CN1[C@H]2CCC[C@@H]1CC(NC(=O)c1cccc3nc(-c4ccccc4)oc13)C2,,7.3936199999999985,1
265,CHEMBL1277282,NN1C(=O)C2CCCCC2=NC1=CCCCN1CCN(c2nc3ccccc3cc2O)CC1,,7.28,1
266,CHEMBL519240,Nc1nc2c(c(N3CCNCC3)n1)CC=C1O[C@H]3CCCC[C@H]3C12,,5.6,0
267,24995992,Cc1nnc(O)cc1-c1ccc(OCCCN2CCCCC2)cc1,,7.8711850000000005,1
268,11213399,Cc1sc2nc(CCCCN3CCN(c4ccc5ccccc5n4)CC3)n(N)c(=O)c2c1C,,7.57349,1
269,CHEMBL56900,c1ccc(Cn2c(N3CCNCC3)nc3ccccc32)cc1,,9.44,1
270,CHEMBL503987,Fc1ccc2c(c1)nc(N1CCN(Cc3ncn[nH]3)CC1)c1cccn12,,8.47,1
271,CHEMBL328866,COc1cc(NC(=O)C2CC2)c(Cl)cc1C(=O)N[C@H]1CCN(Cc2ccccc2)C1,,5.4,0
272,CHEMBL1112,O=C1CCc2ccc(OCCCCN3CCN(c4cccc(Cl)c4Cl)CC3)cc2N1,,6.0,0
273,11162995,c1ccc(-c2cnc3oc(N4CCN5CCC4CC5)nc3c2)cc1,,5.43498,0
274,CHEMBL231056,C1=CC([N+]23CC[C@H]4[C@@H]2C[C@H]2C(=CCO[C@@H]5[C@H]2[C@@H]4N(c2ccccc2)[C@@H]2OCC=C4C[N+]6(C7C=CCCC7)CC[C@]78c9ccccc9N5[C@H]7[C@H]2[C@H]4C[C@@H]86)C3)CCC1,,5.6,0
275,CHEMBL1258006,O=C(N[C@@H]1C2CCN(CC2)[C@H]1Cc1cccnc1)c1cc2ccccc2o1,,4.84,0
276,CHEMBL266591,Cc1[nH]c2ccc(O)cc2c1CCN,,5.92,0
277,76320661,CN1[C@H]2CCC[C@@H]1CC(NC(=O)c1nn(CCCNc3ccc([N+](=O)[O-])c4nonc34)c3ccccc13)C2,,8.06048,1
278,CHEMBL2402890,CCc1nc2cccc(C(=O)NCC3CCN(CC(O)CN4CCN(S(C)(=O)=O)CC4)CC3)c2[nH]1,,4.1,0
279,46179722,COc1ccc2oc(N3CCN4CCC3CC4)nc2n1,,6.85078,0
280,CHEMBL1643880,O=C(N[C@H]1CN2CCC1CC2)c1cnc2ccsc2c1O,,8.27,1
281,CHEMBL230952,C/C=C/C[N+]12CC[C@H]3[C@@H]1C[C@H]1C(=CCO[C@@H]4[C@H]1[C@@H]3N(c1ccccc1)[C@@H]1OCC=C3C[N+]5(C/C=C/C)CC[C@]67c8ccccc8N4[C@H]6[C@H]1[C@H]3C[C@@H]75)C2,,4.82,0
282,76309746,C[C@H]1CN(c2nc3c(C(=O)NC4C[C@@H]5CCC[C@H](C4)N5C)cccc3o2)C[C@@H](C)O1,,7.45223,1
283,CHEMBL1278088,NN1C(=O)C2CCCCC2=NC1=CCCCN1CCN(c2ccc3ccccc3n2)CC1,,8.33,1
284,CHEMBL511699,CNc1nc(N2CCCN(C)CC2)nc2ccc(Cl)cc12,,7.74,1
285,CHEMBL2011587,Cc1c(N2CCN(C)CC2)nc2ccccc2c1C(=O)NCCOCCOCCOCCOCCOCCOCCOCCNC(=O)c1c(C)c(N2CCN(C)CC2)nc2ccccc12,,7.57,1
286,CHEMBL597984,Cn1nc(C(=O)NC2C[C@@H]3CCC[C@@H](C2)N3Cc2ccccc2)c2ccccc21,,7.23,1
287,CHEMBL66692,COc1ccc(Cn2c(N3CCNCC3)nc3ccccc32)cc1,,9.38,1
288,9976826,COc1ccccc1-c1cccc2cc(C(=O)N[C@H]3CN4CCC3CC4)oc12,,7.22185,1
289,CHEMBL3235480,O=S1(=O)c2cc(N3CCN4CCC3CC4)ccc2-c2cccc(F)c21,,6.64,0
290,CHEMBL3084777,COc1ccccc1-c1nc2c(C(=O)N[C@H]3C[C@@H]4CCC[C@H](C3)N4C)cccc2o1,,7.83,1
291,76327858,CN1[C@H]2CCC[C@@H]1CC(NC(=O)c1nn(CCCN)c3ccccc13)C2,,8.72354,1
292,46233635,CN1[C@H]2CCC[C@H]1CC(NC(=O)c1nn(C)c3c(O)cccc13)C2,,9.17393,1
293,CHEMBL454407,CN1C(=O)[C@@H](CN2CCCCC2)C[C@H]1C#Cc1ccccc1,,3.6,0
294,CHEMBL3084433,CCN(CC)c1ccc2cc(C(=O)NCCCCn3nc(C(=O)N[C@H]4C[C@@H]5CCC[C@H](C4)N5C)c4ccccc43)c(=O)oc2c1,,8.14,1
295,CHEMBL223715,COc1ccc(Cn2c(=O)[nH]c3cc(C(=O)NCCN4CCCCC4)ccc3c2=O)cc1,,6.1,0
296,CHEMBL571475,Fc1ccc2c(c1)nc(N1CCN(CCc3c[nH]cn3)CC1)c1cccn12,,6.48,0
297,CHEMBL443764,CN1CCN(c2ncc3ccccc3n2)CC1,,8.87,1
298,76320660,CCN(CC)c1ccc2cc(C(=O)NCCCn3nc(C(=O)NC4C[C@@H]5CCC[C@H](C4)N5C)c4ccccc43)c(=O)oc2c1,,6.70115,0
299,CHEMBL3084708,CN1[C@H]2CC[C@@H]1C[C@H](OC(=O)c1cc3ccccc3n1C)C2,,7.74,1
300,10355682,C/N=C1\N(C)C(=O)/C(=C\c2c[nH]c3ccccc23)N1C,,5.82074,0
301,CHEMBL582992,Cc1cccc2nc(N3CCN(Cc4c[nH]cn4)CC3)c3cccn3c12,,9.31,1
302,46831055,O=C(NCCCCN1CCCCC1)Nc1ccc(-c2ccccc2)cc1,,5.10237,0
303,66860907,Cc1ccc(Sc2ccccc2N2CCNCC2)c(C)c1,,9.088265,1
304,CHEMBL136536,Cc1cccc2nc(N3CCN(Cc4ccccc4)CC3)c3cccn3c12,,8.06,1
305,CHEMBL1643895,Cn1cc(C(=O)[C@@H]2CCc3[nH]cnc3C2)c2ccccc21,,10.22,1
306,CHEMBL419496,O=C(N[C@H]1CN2CCC1CC2)c1cc(Cl)cc2c1OCC2,,9.0,1
307,CHEMBL13791,NC(N)=NC(N)=Nc1ccccc1,,4.1,0
308,76313435,CN1[C@H]2CCC[C@@H]1CC(NC(=O)c1cccc3nc(-c4ccc(Cl)cc4)oc13)C2,,7.131939999999998,1
309,CHEMBL136978,Cc1cccc2nc(N3CCN(C)CC3)c3cccn3c12,,9.1,1
310,CHEMBL2058416,CNc1nc(O)c(C=C2C=Nc3ccc(Br)cc32)n1C,,5.21,0
311,46233594,CN1[C@H]2CCC[C@H]1CC(NC(=O)c1nn(C)c3cc(O)ccc13)C2,,6.5544,0
312,CHEMBL2169973,CN1CCN(c2ccc3c(N)cccc3n2)CC1,,6.69,0
313,CHEMBL1643890,O=C1c2cccc3c2c(nn3Cc2ccccc2)CN1[C@H]1CN2CCC1CC2,,8.15,1
314,CHEMBL3261484,Cc1cc2c3c(cnn3CCN([C@@H]3CN4CCC3CC4)C2=O)c1,,9.1,1
315,10286136,Clc1cnc2nc(N3CCN4CCC3CC4)oc2c1,,6.09164,0
316,56672434,CN1CCC(=Cc2nc3cc(Cl)ccc3[nH]2)CC1,,8.80134,1
317,24996327,Cc1nn(-c2ccccn2)c(=O)cc1-c1ccc(OCCCN2CCC[C@H]2C)cc1,,8.535515,1
318,11572597,CCc1ccc2oc(N3CCN4CCC3CC4)nc2n1,,5.480169999999998,0
319,CHEMBL404232,CN1C(=N)N(C)/C(=C/c2c[nH]c3ccccc23)C1=O,,5.52,0
320,CHEMBL184770,Cc1cccc(N2CCN(CCc3ccc4n[nH]nc4c3)CC2)c1C,,5.0,0
321,76331529,CN1[C@H]2CC[C@@H]1CC(OC(=O)c1cc3ccccc3n1C)C2,,7.7447300000000014,1
322,CHEMBL511312,CCN1CCC(COc2nc3ccsc3n3cccc23)CC1,,6.0,0
323,CHEMBL1277652,Nn1c(CCCCN2CCN(c3ccc4ccccc4n3)CC2)nc2cccc(F)c2c1=O,,7.3,1
324,CHEMBL605772,CN1[C@H]2CCC[C@H]1CC(NC(=O)c1nn(C)c3c(OCc4ccccc4)cccc13)C2,,9.64,1
325,23155976,Oc1nc(SCCCN2CCN(c3ccc4ccccc4n3)CC2)nc2sc3c(c12)CCCC3,,7.35458,1
326,CHEMBL2011595,Cc1c(N2CCN(C)CC2)nc2ccccc2c1C(=O)NCCCCCCNC(=O)OC(C)(C)C,,6.75,0
327,CHEMBL2402891,CC(C)c1nc2cccc(C(=O)NCC3CCN(CC(O)CN4CCN(S(C)(=O)=O)CC4)CC3)c2[nH]1,,4.1,0
328,CHEMBL2179879,O=C(N[C@@H]1C2CCN(CC2)[C@H]1Cc1cccnc1)c1cc2cc(Cl)ccc2o1,,4.45,0
329,CHEMBL2169967,CN1CCN(c2cnc3ccccc3c2)CC1,,6.39,0
330,CHEMBL3233402,CN1C(=O)N(CCCCCN2CCN(c3ccccc3)CC2)C(c2ccccc2)(c2ccccc2)C1=O,,1.29,0
331,53237900,COc1ccc(Sc2ccccc2N2CCNCC2)c(OC)c1,,7.49485,1
332,76331534,CC(C)[C@H]1COCCN1c1nc2c(C(=O)NC3C[C@@H]4CCC[C@H](C3)N4C)cccc2o1,,8.30103,1
333,CHEMBL3261480,Cc1cn2c3c(cc(Cl)cc13)C(=O)N([C@@H]1CN3CCC1CC3)CC2,,9.7,1
334,CHEMBL225543,O=C(NCCN1CCCCC1)c1ccc2c(=O)n(C3CCCCC3)c(=O)[nH]c2c1,,5.7,0
335,17982621,O=C(NC1CN2CCC1CC2)c1cc2ccccc2s1,,7.30277,1
336,CHEMBL596758,COc1ccc2c(C(=O)NC3C[C@@H]4CCC[C@@H](C3)N4C)nn(C)c2c1,,6.63,0
337,CHEMBL3084773,C[C@H]1CNCCN1c1nc2c(C(=O)N[C@H]3C[C@@H]4CCC[C@H](C3)N4C)cccc2o1,,7.78,1
338,56946196,CC(C)n1ncc(-c2ccc(OCCCN3CCC[C@H]3C)cc2)cc1=O,,8.362449999999999,1
339,CHEMBL563848,O=C(Oc1ccccc1)N1CCN2CCC1CC2,,5.4,0
340,CHEMBL1278176,CC1CCC2C(=O)N(N)C(=CCCCN3CCN(c4ccc5ccccc5n4)CC3)N=C2C1,,7.01,1
341,53237896,Clc1cccc(Sc2ccccc2N2CCNCC2)c1Cl,,7.17393,1
342,46906000,COc1cc(N)c(Cl)cc1C(=O)NCCN(C)CC1CCCCC1(O)c1cccc(O)c1,,5.55284,0
343,CHEMBL68131,CCCCN1CCC(COC(=O)c2cc(Cl)c(N)c3c2OCCO3)CC1,,6.8,0
344,CHEMBL459900,CN1C(=O)[C@@H](CN2CCCCC2)C[C@H]1C#Cc1ccc2occc2c1,,4.0,0
345,CHEMBL3084442,CCN(CC)c1ccc2cc(C(=O)NCCCOc3cccc4c(C(=O)N[C@@H]5C[C@@H]6CCC[C@H](C5)N6C)nn(C)c34)c(=O)oc2c1,,6.8,0
346,CHEMBL3084782,COc1ccc(-c2nc3c(C(=O)N[C@H]4C[C@@H]5CCC[C@H](C4)N5C)cccc3o2)cc1,,7.73,1
347,CHEMBL1276832,Cc1sc2nc(SCCCN3CCN(c4ccc5ccccc5n4)CC3)n(N)c(=O)c2c1C,,7.32,1
348,2099,Cc1[nH]cnc1CN1CCc2c(c3ccccc3n2C)C1=O,,9.30103,1
349,CHEMBL225601,O=C(NCCN1CCCCC1)c1ccc2c(=O)n(Cc3ccc(Cl)cc3)c(=O)[nH]c2c1,,5.48,0
350,53237430,Cc1ccc(Sc2ccc(Cl)cc2)c(N2CCNCC2)c1,,6.30103,0
351,CHEMBL224246,O=C(NCCCN1CCCCC1)c1ccc2c(=O)n(Cc3ccc(Cl)cc3)c(=O)[nH]c2c1,,5.24,0
352,CHEMBL654,CN1CCN2c3ncccc3Cc3ccccc3C2C1,,5.54,0
353,76309734,CCN(CC)c1ccc2cc(C(=O)NCCCCn3nc(C(=O)NC4C[C@@H]5CCC[C@H](C4)N5C)c4ccccc43)c(=O)oc2c1,,8.13668,1
354,CHEMBL503427,CN1C(=O)[C@@H](CN2CCCCC2)C[C@H]1C#Cc1ccc2c(c1)CCO2,,4.3,0
355,70689424,Cc1c(N2CCN(C)CC2)nc2ccccc2c1C(=O)NCCCCCCCCNc1c2c(nc3ccccc13)CCCC2,,7.16115,1
356,CHEMBL3084439,CN(C)c1cccc2c(S(=O)(=O)NCCCn3nc(C(=O)N[C@@H]4C[C@@H]5CCC[C@H](C4)N5C)c4ccccc43)cccc12,,8.92,1
357,CHEMBL1748,COc1cc(N)c(Cl)cc1C(=O)NC1CCNCC1OC,,5.8,0
358,CHEMBL3084775,C[C@@H]1CNC[C@@H](C)N1c1nc2c(C(=O)N[C@H]3C[C@@H]4CCC[C@H](C3)N4C)cccc2o1,,7.23,1
359,76331535,CC[C@H]1COC[C@H](C)N1c1nc2c(C(=O)NC3C[C@@H]4CCC[C@H](C3)N4C)cccc2o1,,9.0,1
360,CHEMBL1824047,NC(N)=NCCCc1ccccc1,,6.1,0
361,CHEMBL493183,NC(=O)CN1CCN(c2nc3cc(F)ccc3n3cccc23)CC1,,8.14,1
362,CHEMBL2011598,Cc1c(N2CCN(C)CC2)nc2ccccc2c1C(=O)NCCOCCOCCNC(=O)OC(C)(C)C,,6.88,0
363,CHEMBL571799,COc1cccc([C@]2(O)CCCC[C@H]2CN2CC[C@@H](NC(=O)c3cc(Cl)c(N)cc3OC)[C@@H](OC)C2)c1,,6.8,0
364,CHEMBL576046,Fc1ccc2c(c1)nc(N1CCN(CCn3ccnc3)CC1)c1cccn12,,7.65,1
365,CHEMBL148204,Nc1ccc2cc3ccccc3nc2c1,,6.0,0
366,44157831,Fc1ccc2c(c1)nc(N1CCN(Cc3nn[nH]n3)CC1)c1cccn12,,7.18709,1
367,70681001,Cc1c(N2CCN(C)CC2)nc2ccccc2c1C(=O)NCCCCCCCNC(=O)OC(C)(C)C,,7.7447300000000014,1
368,CHEMBL1277373,NN1C(=O)C2CCCCC2=NC1=CCCCN1CCN(c2ccc3ccc(O)cc3n2)CC1,,7.26,1
369,CHEMBL2011597,Cc1c(N2CCN(C)CC2)nc2ccccc2c1C(=O)NCCCCCCCCNC(=O)OC(C)(C)C,,6.9,0
370,CHEMBL3084771,C[C@H]1CN(c2nc3c(C(=O)N[C@H]4C[C@@H]5CCC[C@H](C4)N5C)cccc3o2)C[C@@H](C)O1,,7.45,1
371,CHEMBL3084761,CN1[C@H]2CCC[C@@H]1C[C@@H](NC(=O)c1cccc3oc(N4CCOCC4)nc13)C2,,7.4,1
372,44157937,Cc1cccc2nc(N3CCN(CC(O)=NO)CC3)c3cccn3c12,,8.52288,1
373,CHEMBL489062,CNc1nc(N2CCN(C)CC2)nc2ccc(Cl)cc12,,8.95,1
374,CHEMBL62023,CCn1c(=O)n(C(=O)NC2CC3CCC(C2)N3C)c2ccccc21,,9.0,1
375,24995995,Cn1ncc(-c2ccc(OCCCN3CCCCC3)cc2)cc1=O,,7.706440000000001,1
376,11709098,Cc1nc2nc(N3CCN4CCC3CC4)oc2cc1Cl,,6.883755000000001,0
377,CHEMBL453996,c1ccc2cc(OCC3CCNCC3)ccc2c1,,6.51,0
378,CHEMBL584743,COc1cccc([C@]2(O)CCCC[C@H]2CN(C)CCNC(=O)c2cc(Cl)c(N)cc2OC)c1,,5.31,0
379,CHEMBL1224527,Oc1ccc2c(c1O)C[C@@H](c1ccccc1)[C@@H]1CCNC[C@@H]21,,3.06,0
380,5202,NCCc1c[nH]c2ccc(O)cc12,,5.746926666666667,0
381,CHEMBL19114,NCCc1coc2ccc(C(N)=O)cc12,,5.13,0
382,76316952,CN1[C@H]2CCC[C@@H]1CC(NC(=O)c1cccc3oc(-c4ccc(F)cc4)nc13)C2,,7.78781,1
383,CHEMBL38465,Cc1[nH]cnc1Cc1nc(-c2ccccc2)cs1,,8.74,1
384,53363442,C[C@@H]1CCCN1CCCOc1ccc(-c2cnnc(O)c2)cc1,,8.31171,1
385,22495788,Clc1ccc2oc(N3CCN4CCC3CC4)nc2c1,,8.920819999999997,1
386,CHEMBL489061,CN1CCN(c2nc(NCC3CCCCC3)c3cc(Cl)ccc3n2)CC1,,4.78,0
387,CHEMBL499536,C[C@H](OC(=O)N[C@@H]1CN2CCC1CC2)c1ccccc1F,,4.89,0
388,CHEMBL606254,c1ccc(Oc2cnc3nc(N4CCN5CCC4CC5)oc3c2)cc1,,5.71,0
389,9930121,O=C(N[C@H]1CN2CCC1CC2)c1cc2ccoc2cn1,,6.20066,0
390,CHEMBL3235482,O=S1(=O)c2ccc(F)cc2-c2ccc(N3CCN4CCC3CC4)cc21,,6.3,0
391,70689423,Cc1c(N2CCN(C)CC2)nc2ccccc2c1C(=O)NCCOCCOCCNC(=O)c1c(C)c(N2CCN(C)CC2)nc2ccccc12,,8.11351,1
392,70687363,Cc1c(N2CCN(C)CC2)nc2ccccc2c1C(=O)NCCOCCOCCOCCOCCOCCOCCOCCOCCOCCNC(=O)NCC(=O)O,,6.81248,0
393,CHEMBL578809,Cc1cccc2nc(N3CCN(CCn4ccnc4)CC3)c3cccn3c12,,7.75,1
394,CHEMBL3084778,CN1[C@H]2CCC[C@@H]1C[C@@H](NC(=O)c1cccc3oc(C4CC4)nc13)C2,,8.08,1
395,70691518,Cc1c(N2CCN(C)CC2)nc2ccccc2c1C(=O)NCCCCCCCCNC(=O)c1c(C)c(N2CCN(C)CC2)nc2ccccc12,,7.17393,1
396,CHEMBL1643885,Cn1nc2c3c(cc(F)cc31)C(=O)N([C@H]1CN3CCC1CC3)C2,,8.7,1
397,69937257,O=C1c2cccc3nc(O)n(c23)CCN1[C@@H]1CN2CCC1CC2,,8.24413,1
398,CHEMBL2402888,CS(=O)(=O)N1CCN(CC(O)CN2[C@H]3CC[C@@H]2C[C@H](NC(=O)c2cccc4[nH]cnc24)C3)CC1,,4.7,0
399,CHEMBL597681,Cc1ccc2nc(N3CCN4CCC3CC4)oc2n1,,6.9,0
400,CHEMBL2169969,CNc1cc(N2CCN(C)CC2)nc2ccccc12,,7.87,1
401,CHEMBL1276833,Cc1sc2nc(SCCCN3CCN(c4cc(C)c5ccccc5n4)CC3)n(N)c(=O)c2c1C,,7.3,1
402,CHEMBL2402904,COC(=O)N1CCC(CN2CCC(CNC(=O)c3cccc4nc(C(C)C)[nH]c34)CC2)CC1,,4.0,0
403,76316950,CC(C)C[C@H]1COCCN1c1nc2c(C(=O)NC3C[C@@H]4CCC[C@H](C3)N4C)cccc2o1,,8.45593,1
404,CHEMBL415568,C[N+]12CC[C@H]3[C@@H]1C[C@H](C1=CN4c5ccccc5[C@@]56CC[N+]7(C)CC8=CCO[C@H]([C@@H]([C@H]45)[C@H]8C[C@@H]67)N(c4ccccc4)[C@@H]13)/C(=C\CO)C2,,5.4,0
405,CHEMBL302743,Fc1ccc(Cn2c(N3CCNCC3)nc3ccccc32)cc1,,8.28,1
406,CHEMBL76370,CCCCCNC(N)=N/N=C/c1c[nH]c2ccc(OC)cc12,,5.6,0
407,CHEMBL2169971,CNc1nc(N2CCN(C)CC2)cc2ccccc12,,8.23,1
408,CHEMBL2047574,OC(CCN1CC=C(Cc2ccccc2)CC1)c1ccc(Cl)c(Cl)c1,,4.53,0
409,CHEMBL2011600,Cc1c(N2CCN(C)CC2)nc2ccccc2c1C(=O)NCCOCCOCCOCCOCCOCCOCCOCCOCCOCCNC(=O)OC(C)(C)C,,7.15,1
410,CHEMBL15056,c1ccc2c(NCCc3ccc(OCCCN4CCCCC4)cc3)c3c(nc2c1)CCCC3,,9.48,1
411,CHEMBL3261479,O=C1c2cccc3ccn(c23)CCN1[C@@H]1CN2CCC1CC2,,8.51,1
412,69937654,O=C1c2cccc3c2N(CCN1[C@@H]1CN2CCC1CC2)S(=O)(=O)N3,,6.15428,0
413,CHEMBL66918,Cc1ccc(Cn2c(N3CCNCC3)nc3ccccc32)cc1,,8.77,1
414,24769783,C[C@H]1CNC[C@H](C)N1c1nc2c(C(=O)NC3C[C@@H]4CCC[C@H](C3)N4C)cccc2o1,,8.61979,1
415,CHEMBL2205036,Cc1ccc(Sc2ccccc2)c(N2CCNCC2)c1,,6.51,0
416,CHEMBL1628633,CN1[C@H]2CCC[C@@H]1C[C@@H](NC(=O)c1nn(C)c3ccccc13)C2,,8.92,1
417,CHEMBL2402900,CC(C)c1nc2cccc(C(=O)NCC3CCN(CC(O)CN(C)S(C)(=O)=O)CC3)c2[nH]1,,4.1,0
418,49837354,CC(=O)N1CCc2c(sc3nc(SCCCN4CCN(c5ccc6ccccc6n5)CC4)n(N)c(=O)c23)C1,,7.11014,1
419,CHEMBL2397268,COc1ccc(OCC2c3ccc(OCc4ccccc4)cc3CCN2C(=O)c2cccc(Br)c2)cc1,,6.12,0
420,CHEMBL2205053,Clc1ccc(Sc2ccccc2N2CCNCC2)cc1Cl,,6.96,0
421,CHEMBL220808,Fc1ccc(-c2cncc(CNC[C@H]3CCc4ccccc4O3)c2)cc1,,8.22,1
422,CHEMBL3084759,CN1[C@H]2CCC[C@@H]1C[C@@H](NC(=O)c1cccc3nc(-c4ccc(Cl)cc4)oc13)C2,,7.13,1
423,CHEMBL475331,CN1CCN(c2nc(N)c3ccccc3n2)CC1,,10.29,1
424,CHEMBL229998,O=[N+]([O-])c1ccc(C[N+]23CC[C@H]4[C@@H]2C[C@H]2C(=CCO[C@@H]5[C@H]2[C@@H]4N(c2ccccc2)[C@@H]2OCC=C4C[N+]6(Cc7ccc([N+](=O)[O-])cc7)CC[C@]78c9ccccc9N5[C@H]7[C@H]2[C@H]4C[C@@H]86)C3)cc1,,4.64,0
425,CHEMBL607857,Cc1ccc2nc(N3CCN4CCC3CC4)oc2c1,,7.77,1
426,76313439,COc1ccccc1-c1nc2c(C(=O)NC3C[C@@H]4CCC[C@H](C3)N4C)cccc2o1,,7.826810000000001,1
427,CHEMBL224778,O=C(NCCN1CCCCC1)c1ccc2c(=O)n(Cc3ccc(F)cc3)c(=O)[nH]c2c1,,5.72,0
428,CHEMBL2107804,CN1[C@H]2CC[C@@H]1C[C@H](OC(=O)c1cc(Cl)cc(Cl)c1)C2,,8.6,1
429,CHEMBL3084764,CC[C@H]1COCCN1c1nc2c(C(=O)N[C@H]3C[C@@H]4CCC[C@H](C3)N4C)cccc2o1,,8.34,1
430,CHEMBL3084436,CCN(CC)c1ccc2cc(C(=O)NCCOCCOCCn3nc(C(=O)N[C@H]4C[C@@H]5CCC[C@H](C4)N5C)c4ccccc43)c(=O)oc2c1,,6.85,0
431,CHEMBL206666,C=CC[N+](C)(C)Cc1c2n(c3ccccc13)Cc1c(C[N+](C)(C)CC=C)c3ccccc3n1C2,,4.0,0
432,49843532,O=C1c2cccc3cnn(c23)CCN1[C@@H]1CN2CCC1CC2,,7.420755000000001,1
433,CHEMBL1242923,O=C(Cc1ccccc1)NC1CCN(CCCN2C(=O)COc3ccccc32)CC1,,6.0,0
434,CHEMBL1643887,CCn1nc2c3c(cccc31)C(=O)N([C@@H]1CN3CCC1CC3)C2,,8.8,1
435,CHEMBL415570,O=[N+]([O-])c1ccc(C[N+]23CCC4[C@@H]2C[C@H](C2=CN5c6ccccc6[C@@]67CC[N+]8(Cc9ccc([N+](=O)[O-])cc9)CC9=CCO[C@H]([C@@H]([C@H]56)[C@H]9C[C@@H]78)N(c5ccccc5)[C@@H]24)/C(=C\CO)C3)cc1,,4.52,0
436,44419820,COC(=O)c1c(-c2ccc(F)cc2)c(-c2ccncc2)c(N2CCNCC2)n1C,,6.56067,0
437,CHEMBL378349,O=C(N[C@H]1CN2CCC1CC2)c1ccc2ccsc2c1,,6.76,0
438,CHEMBL604083,CN1[C@H]2CCC[C@H]1CC(NC(=O)c1nn(C)c3cc(OCc4ccccc4)ccc13)C2,,6.13,0
439,76313438,C[C@H]1CNCCN1c1nc2c(C(=O)NC3C[C@@H]4CCC[C@H](C3)N4C)cccc2o1,,7.78252,1
440,CHEMBL414183,CN1CCN(c2nc3ccccc3nc2O)CC1,,7.9,1
441,CHEMBL3084784,CN1[C@H]2CCC[C@@H]1C[C@@H](NC(=O)c1cccc3nc(-c4ccc(F)cc4)oc13)C2,,7.02,1
442,53324551,Cn1nc2c3c(cccc31)C(=O)N([C@@H]1CN3CCC1CC3)C2,,9.1549,1
443,CHEMBL2181189,CCCN1CCC(COc2nc3c(F)cccc3c3ccccc23)CC1,,6.15,0
444,CHEMBL1643883,Cn1nc2c3c(cccc31)C(=O)N([C@H]1CN3CCC1CC3)C2,,8.77,1
445,CHEMBL388049,COc1ccc(C[N+]23CC[C@H]4[C@@H]2C[C@H](C2=CN5c6ccccc6[C@@]67CC[N+]8(Cc9ccc(OC)c(OC)c9)CC9=CCO[C@H]([C@@H]([C@H]56)[C@H]9C[C@@H]78)N(c5ccccc5)[C@@H]24)/C(=C\CO)C3)cc1OC,,4.52,0
446,CHEMBL46,Cc1nccn1CC1CCc2c(c3ccccc3n2C)C1=O,,9.925,1
447,CHEMBL2440659,Cc1csc(NC(=O)c2cc(F)cc(Oc3cncnc3)c2)n1,,4.73,0
448,76324305,CCN(CC)c1ccc2cc(C(=O)NCCOc3cccc4c(C(=O)NC5C[C@@H]6CCC[C@H](C5)N6C)nn(C)c34)c(=O)oc2c1,,8.72125,1
449,CHEMBL305582,c1ccc(CCn2c(N3CCNCC3)nc3ccccc32)cc1,,8.13,1
450,CHEMBL1824048,CN1CCC(=Cc2nc3ccc(Cl)cc3[nH]2)CC1,,8.8,1
451,71455625,CCCN1CCC(COc2nc3c(F)cccc3c3ncccc23)CC1,,6.1931400000000005,0
452,CHEMBL1949930,COc1cc(OC(C)C)cc(S(=O)(=O)c2ccc3c(c2)O[C@H]2CNCC[C@@H]32)c1,,4.52,0
453,11752512,Nn1c(SCCCN2CCN(c3ccc4ccccc4n3)CC2)nc2sc3c(c2c1=O)CCCC3,,7.382999999999999,1
454,70691531,Cc1c(N2CCN(C)CC2)nc2ccccc2c1C(=O)NCCOCCOCCOCCOCCOCCOCCOCCNC(=O)OC(C)(C)C,,7.050610000000002,1
455,CHEMBL2181171,CCCN1CCC(COc2nc3ccccc3c3ncccc23)CC1,,6.17,0
456,CHEMBL1084631,O=C(NCCCCN1CCCCC1)Nc1ccc(-c2ccc(F)cc2)cc1,,5.24,0
457,CHEMBL3084762,C[C@H]1COCCN1c1nc2c(C(=O)N[C@H]3C[C@@H]4CCC[C@H](C3)N4C)cccc2o1,,7.89,1
458,76327887,COc1ccc(-c2nc3c(C(=O)NC4C[C@@H]5CCC[C@H](C4)N5C)cccc3o2)cc1,,7.72584,1
459,CHEMBL421738,COc1cc(N)c(I)cc1C(=O)NC1CN2CCC1CC2,,8.97,1
460,108000,Cn1cc(C(=O)[C@@H]2CCc3nc[nH]c3C2)c2ccccc21,,10.2218,1
461,CHEMBL3085543,C=CC[N+]12CCC34c5ccccc5N5C=C6[C@H]7C[C@H]8[C@@]9(CC[N@@+]8(CC=C)C/C7=C/CO)c7ccccc7N(C=C([C@@H](C[C@@H]31)/C(=C\CO)C2)[C@H]54)[C@@H]69,,4.0,0
462,70687357,Cc1c(N2CCN(C)CC2)nc2ccccc2c1C(=O)NCCCCCCNC(=O)c1c(C)c(N2CCN(C)CC2)nc2ccccc12,,7.55284,1
463,CHEMBL292066,c1ccc2[nH]c(N3CCNCC3)nc2c1,,7.72,1
464,76327886,CN1[C@H]2CCC[C@@H]1CC(NC(=O)c1cccc3oc(C4CC4)nc13)C2,,8.080919999999999,1
465,CHEMBL90314,COc1c(I)cc(Cl)cc1C(=O)N[C@@H]1CN2CCC1CC2,,9.82,1
466,53237669,COc1ccccc1Sc1ccccc1N1CCNCC1,,7.284,1
467,CHEMBL288591,CN1CCN(c2ccc3ccccc3n2)CC1,,9.34,1
468,CHEMBL1958328,C[C@H]1CCCN1CCCOc1ccc(-c2cnn(-c3ccccn3)c(=O)c2)cc1,,7.75,1
469,CHEMBL2151441,Cc1ccc(C(=O)N[C@@H]2C3CCN(CC3)[C@H]2Cc2cccnc2)s1,,4.4,0
470,53238128,Cc1ccc(Sc2ccc(C)cc2N2CCNCC2)c(C)c1,,6.8239100000000015,0
471,24841480,O=C(OCCN1CCCC1)N1c2ccccc2Sc2ccccc21,,5.72125,0
472,46179771,c1cc2oc(N3CCN4CCC3CC4)nc2nc1N1CCCCC1,,5.9431,0
473,CHEMBL3084765,CCC[C@H]1COCCN1c1nc2c(C(=O)N[C@H]3C[C@@H]4CCC[C@H](C3)N4C)cccc2o1,,8.41,1
474,49783415,CCCCN1CCC(COC(=O)c2ccc(N)c(OC)c2)CC1,,5.45457,0
475,CHEMBL2180264,O=C(N[C@H]1C2CCN(CC2)[C@@H]1Cc1cccnc1)c1cc2ccccc2o1,,4.4,0
476,CHEMBL1628595,COc1cc(N)c(Cl)cc1C(=O)N[C@@H]1CN2CCC1CC2,,9.113333333333333,1
477,CHEMBL63863,c1ccc2cc(Cn3c(N4CCNCC4)nc4ccccc43)ccc2c1,,8.84,1
478,CHEMBL3084706,O=C(O[C@@H]1C[C@@H]2CC[C@H](C1)N2)c1cc2ccccc2[nH]1,,7.49,1
479,53238132,Cc1ccc(Sc2c(C)cccc2N2CCNCC2)c(C)c1,,6.17393,0
480,CHEMBL289469,CN1C2CCCC1CC(NC(=O)c1nn(C)c3ccccc13)C2,,8.84,1
481,56850927,O=C1CSC(=O)N1CCCCCCCCNCC1CCc2ccccc2O1,,7.92082,1
482,CHEMBL466655,Oc1nnc(CN2CCN(c3nc4cc(F)ccc4n4cccc34)CC2)o1,,6.9,0
483,CHEMBL341474,CN1CCN(c2nc3cc(F)ccc3n3cccc23)CC1,,9.1,1
484,CHEMBL3084780,CN1[C@H]2CCC[C@@H]1C[C@@H](NC(=O)c1cccc3oc(-c4ccc(F)cc4)nc13)C2,,7.79,1
485,76320683,C[C@H]1CNC[C@@H](C)N1c1nc2c(C(=O)NC3C[C@@H]4CCC[C@H](C3)N4C)cccc2o1,,7.42829,1
486,53237438,Clc1ccc(Sc2ccccc2N2CCNCC2)cc1,,7.4437,1
487,CHEMBL492884,CN1CCN(c2cc(-c3ccccc3)nc(N)n2)CC1,,5.9,0
488,CHEMBL224766,Cn1c(=O)[nH]c2cc(C(=O)NCCN3CCCCC3)ccc2c1=O,,5.66,0
489,CHEMBL3084774,C[C@H]1CNC[C@@H](C)N1c1nc2c(C(=O)N[C@H]3C[C@@H]4CCC[C@H](C3)N4C)cccc2o1,,7.43,1
490,5284566,CN1[C@H]2CCC[C@@H]1CC(NC(=O)c1nn(C)c3ccccc13)C2,,9.27572,1
491,CHEMBL1210703,Cc1ccc(NC(=O)c2cc(-c3ccccc3)c(N3CCOCC3)s2)c(C)c1,,6.0,0
492,69937162,O=C1c2cc(Cl)cc3cnn(c23)CCN1[C@@H]1CN2CCC1CC2,,8.025515,1
493,CHEMBL1272121,CCNc1nc2c(C(=O)N[C@@H]3CN4CCC3CC4)cccc2o1,,7.44,1
494,CHEMBL1278087,Cc1cccc2c(=O)n(N)c(CCCCN3CCN(c4ccc5ccccc5n4)CC3)nc12,,7.81,1
495,CHEMBL3104091,CN1CCc2c(c3cccc4c3n2-c2ccccc2CC4)C1,,5.0,0
496,CHEMBL3084769,C[C@H]1COC[C@H](C)N1c1nc2c(C(=O)N[C@H]3C[C@@H]4CCC[C@H](C3)N4C)cccc2o1,,9.22,1
497,10826756,CN1CCN(c2nc3cc(O)ccc3n3cccc23)CC1,,9.1549,1
498,CHEMBL1272072,O=C(N[C@@H]1CN2CCC1CC2)c1cccc2oc(C3CC3)nc12,,7.49,1
499,CHEMBL2402903,CC(C)c1nc2cccc(C(=O)NCC3CCN(CC4CCN(S(C)(=O)=O)CC4)CC3)c2[nH]1,,4.0,0
500,CHEMBL2402894,CC(F)(F)c1nc2c(C(=O)NCC3CCN(CC(O)CN4CCN(S(C)(=O)=O)CC4)CC3)cccc2[nH]1,,5.1,0
501,24996643,Cc1cccnc1-n1nc(C)c(-c2ccc(OCCCN3CCC[C@H]3C)cc2)cc1=O,,8.14644,1
502,CHEMBL1643886,CCn1nc2c3c(cccc31)C(=O)N([C@H]1CN3CCC1CC3)C2,,8.7,1
503,CHEMBL605715,c1cnc2oc(N3CCN4CCC3CC4)nc2c1,,7.04,1
504,CHEMBL3084772,CN1[C@H]2CCC[C@@H]1C[C@@H](NC(=O)c1cccc3oc(N4CCNCC4)nc13)C2,,7.14,1
505,CHEMBL599012,COc1cccc2c(C(=O)NC3C[C@@H]4CCC[C@@H](C3)N4C)nn(C)c12,,7.15,1
506,CHEMBL489060,CN1CCN(c2nc(N(C)C)c3cc(Cl)ccc3n2)CC1,,8.18,1
507,53238120,COc1ccc(Sc2ccccc2N2CCNCC2)c(Cl)c1,,7.92082,1
508,CHEMBL224701,COc1ccc(-n2c(=O)[nH]c3cc(C(=O)NCCN4CCCCC4)ccc3c2=O)cc1,,5.8,0
509,CHEMBL2204357,Cc1cccc(Sc2ccccc2N2CCNCC2)c1C,,7.54,1
510,CHEMBL598803,CN1[C@H]2CCC[C@H]1CC(NC(=O)c1nn(C)c3cccc(OCc4ccccc4)c13)C2,,6.43,0
511,45485675,COc1cccc([C@@]2(O)CCCC[C@@H]2CN2CC[C@@H](NC(=O)c3cc(Cl)c(N)cc3OC)[C@@H](OC)C2)c1,,5.55284,0
512,49836154,NN1C(=O)C2CCCCC2=NC1=CN1CCN(c2ccc3ccccc3n2)CC1,,7.06248,1
513,CHEMBL225485,CCC1CCCCN1CCNC(=O)c1ccc2c(=O)n(Cc3ccc(Cl)cc3)c(=O)[nH]c2c1,,4.87,0
514,CHEMBL3084768,CN1[C@H]2CCC[C@@H]1C[C@@H](NC(=O)c1cccc3oc(N4CCOC[C@@H]4C(C)(C)C)nc13)C2,,8.7,1
515,CHEMBL1643889,CC(C)n1nc2c3c(cccc31)C(=O)N([C@@H]1CN3CCC1CC3)C2,,8.64,1
516,CHEMBL596951,CN1[C@H]2CCC[C@H]1CC(NC(=O)c1nn(C)c3cccc(O)c13)C2,,9.77,1
517,CHEMBL2298806,c1ccc2c(N3CCN(CCc4ccc5[nH]cnc5c4)CC3)cccc2c1,,5.28,0
518,CHEMBL471712,CN1CCN(c2nc(O)c3cc(Cl)ccc3n2)CC1,,6.24,0
519,CHEMBL18710,CN(C)CCc1coc2ccc(C(N)=O)cc12,,5.4,0
520,44427870,Brc1ccc(C[N+]23CC[C@H]4[C@@H]2C[C@H]2C(=CCO[C@@H]5[C@H]2[C@@H]4N(c2ccccc2)[C@@H]2OCC=C4C[N+]6(Cc7ccc(Br)cc7)CC[C@]78c9ccccc9N5[C@H]7[C@H]2[C@H]4C[C@@H]86)C3)cc1,,5.24413,0
521,CHEMBL605562,COc1ccc2c(c1)c(C(=O)NC1C[C@@H]3CCC[C@@H](C1)N3C)nn2C,,5.28,0
522,CHEMBL3084437,CN1[C@H]2CCC[C@@H]1C[C@@H](NC(=O)c1nn(CCOCCOCCNC(=S)Nc3ccc(-c4c5ccc(=O)cc-5oc5cc(O)ccc45)c(C(=O)O)c3)c3ccccc13)C2,,5.2,0
523,CHEMBL1548,NC1=Nc2ccc(Cl)c(Cl)c2CN1,,6.76,0
524,CHEMBL2169975,CNc1nc(N2CC(N(C)C)C2)nc2ccc(Cl)cc12,,6.33,0
525,CHEMBL159825,COc1cc(N)c(Cl)cc1C(=O)NC1CCN2CCC1C2,,8.25,1
526,70683126,Cc1c(N2CCN(C)CC2)nc2ccccc2c1C(=O)NCCOCCOCCOCCOCCOCCOCCOCCNC(=O)NCC(=O)O,,6.97469,0
527,CHEMBL1643893,Cn1cc2c3c(cccc31)C(=O)N([C@H]1CN3CCC1CC3)C2,,9.05,1
528,21864917,Cc1ccc(Sc2ccccc2N2CCNCC2)cc1,,7.251810000000001,1
529,CHEMBL2151439,O=C(N[C@@H]1CN2CCC1CC2)c1[nH]nc2ccccc12,,8.7,1
530,CHEMBL2448165,COc1cc(N)c(Cl)cc1C(=O)N[C@@H]1C2CC3CN(C2)CC31,,8.92,1
531,11464531,Nn1c(CCCCN2CCN(c3ccc4ccccc4n3)CC2)nc2ccccc2c1=O,,7.34008,1
532,CHEMBL2402899,CC(=O)N1CCN(CCN2CCC(CNC(=O)c3cccc4nc(C(C)C)[nH]c34)CC2)CC1,,4.4,0
533,11328306,NN1C(=O)C2CCCCCC2=NC1=CCCCN1CCN(c2ccc3ccccc3n2)CC1,,7.0716,1
534,52943305,O=C(N[C@@H]1CN2CCC1CC2)c1cccc2oc(N3CCOCC3)nc12,,6.78252,0
535,CHEMBL2426097,O=C(O)CCC(=O)N1N=C(c2c(O)nc3ccccc3c2-c2ccc(Cl)cc2)CC1c1ccc(Cl)cc1,,6.12,0
536,71714544,CC(F)(F)c1nc2cccc(C(=O)NCC3CCN(CC(O)CN4CCN(S(C)(=O)=O)CC4)CC3)c2[nH]1,,5.1,0
537,CHEMBL3084434,CN1[C@H]2CCC[C@@H]1C[C@@H](NC(=O)c1nn(CCCCNC(=S)Nc3ccc(-c4c5ccc(=O)cc-5oc5cc(O)ccc45)c(C(=O)O)c3)c3ccccc13)C2,,8.96,1
538,CHEMBL597440,Fc1cnc2nc(N3CCN4CCC3CC4)oc2c1,,5.41,0
539,CHEMBL2402897,CC(C)c1nc2cccc(C(=O)NCC3CCN(CCN4CCN(S(C)(=O)=O)CC4)CC3)c2[nH]1,,4.0,0
540,CHEMBL1272122,CCN(CC)c1nc2c(C(=O)N[C@@H]3CN4CCC3CC4)cccc2o1,,7.91,1
541,CHEMBL2309589,CN1[C@H]2CCC[C@@H]1C[C@H](NC(=O)c1nn(CCCN)c3ccccc13)C2,,8.72,1
542,76313417,CCN(CC)c1ccc2cc(C(=O)NCCOCCOCCn3nc(C(=O)NC4C[C@@H]5CCC[C@H](C4)N5C)c4ccccc43)c(=O)oc2c1,,6.84771,0
543,11374124,Cc1ccc2nc(CCCCN3CCN(c4ccc5ccccc5n4)CC3)n(N)c(=O)c2c1,,7.34104,1
544,CHEMBL1258223,CCCCN1CCC(COC(=O)c2cc(Cl)c(NC)c3c2OCCO3)CC1,,5.97,0
545,44456033,C[C@@H]1N=C(N)Nc2cccc(Cl)c21,,5.97375,0
546,CHEMBL566522,Fc1ccc2c(c1)nc(N1CCN(Cc3c[nH]cn3)CC1)c1cccn12,,9.17,1
547,CHEMBL1277281,NN1C(=O)C2CCCC=C2N=C1SCCCN1CCN(c2ccc3ccccc3n2)CC1,,7.2,1
548,CHEMBL569357,COc1cc(N)c(Cl)cc1C(=O)NCCN(C)C[C@H]1CCCC[C@]1(O)c1cccc(O)c1,,5.51,0
549,44427876,OC/C=C1/CN2CC[C@H]3[C@@H]2C[C@@H]1C1=CN2c4ccccc4[C@@]45CCN6CC7=CCO[C@H]([C@@H]([C@H]24)[C@H]7C[C@H]65)N(c2ccccc2)[C@@H]13,,5.72125,0
550,24795080,O=C(c1ccc(Cl)o1)N1CC2CNCC2C1,,5.87745,0
551,CHEMBL30713,CC(N)Cc1c[nH]c2ccccc12,,5.0,0
552,CHEMBL2205034,Cc1ccc(Sc2ccccc2N2CCCNCC2)c(C)c1,,7.57,1
553,23155951,Nn1c(SCCCN2CCN(c3ccc4ccccc4n3)CC2)nc2cccnc2c1=O,,7.21467,1
554,CHEMBL2169966,CN1CCN(c2cc3ccccc3cn2)CC1,,8.79,1
555,46233560,COc1cccc2c1c(C(=O)NC1C[C@@H]3CCC[C@@H](C1)N3C)nn2C,,7.580039999999999,1
556,44626294,COc1cc(N)c(Cl)cc1C(=O)N[C@H]1CCN(C[C@@H]2CCCC[C@@]2(O)c2cccc(O)c2)C[C@H]1OC,,7.7447300000000014,1
557,76316953,CN1[C@H]2CCC[C@@H]1CC(NC(=O)c1cccc3nc(-c4ccc(F)cc4)oc13)C2,,7.02273,1
558,CHEMBL2402889,CS(=O)(=O)N1CCN(CC(O)CN2CCC(NC(=O)c3cccc4[nH]cnc34)CC2)CC1,,4.2,0
559,11220991,Brc1cnc2nc(N3CCN4CCC3CC4)oc2c1,,6.071695,0
560,76313436,COc1ccc(-c2nc3cccc(C(=O)NC4C[C@@H]5CCC[C@H](C4)N5C)c3o2)cc1,,7.232839999999999,1
561,CHEMBL223387,COc1ccccc1Cn1c(=O)[nH]c2cc(C(=O)NCCN3CCCCC3)ccc2c1=O,,5.85,0
562,CHEMBL54720,c1ccc(CN2CCN(c3nc4ccsc4n4cccc34)CC2)cc1,,8.85,1
563,CHEMBL314164,COc1c(C(=O)N[C@@H]2CN3CCC2CC3)cc(Cl)c(N)c1I,,10.3,1
564,CHEMBL490072,CN1CCN(c2nc(NCCc3ccccc3)c3cc(Cl)ccc3n2)CC1,,7.1,1
565,CHEMBL526307,COc1cc(C(C)C)c(Oc2cnc(N)nc2N)cc1I,,1.0,0
566,11276604,c1cc2oc(N3CCN4CCC3CC4)nc2cn1,,5.67366,0
567,CHEMBL2205047,CC(C)(C)c1ccc(Sc2ccccc2N2CCNCC2)cc1,,6.35,0
568,CHEMBL461729,CNc1nc(N2CC3CCCNC3C2)nc2ccc(Cl)cc12,,5.45,0
569,CHEMBL116913,Nc1cc2c(cc1Cl)C(=O)NC1CCN(CCOCCO2)CC1,,7.27,1
570,24995993,Cc1nnc(O)cc1-c1ccc(OCCCN2CCCCCC2)cc1,,8.22247,1
571,CHEMBL3084776,C[C@H]1CNC[C@H](C)N1c1nc2c(C(=O)N[C@H]3C[C@@H]4CCC[C@H](C3)N4C)cccc2o1,,8.62,1
572,715494,O=C(O)CN1CCN(c2ccc3ccccc3n2)CC1,,7.95078,1
573,76309736,CN1[C@H]2CCC[C@@H]1CC(NC(=O)c1nn(C)c3c(OCCOCCOCCNC(=S)Nc4ccc(-c5c6ccc(=O)cc-6oc6cc(O)ccc56)c(C(=O)O)c4)cccc13)C2,,6.681939999999999,0
574,CHEMBL2151572,O=C(N[C@H]1CN2CCC1CC2)c1cc2cccc(Cl)c2s1,,8.02,1
575,76335133,CN1[C@H]2CCC[C@@H]1CC(NC(=O)c1nn(CCOCCOCCNC(=S)Nc3ccc(-c4c5ccc(=O)cc-5oc5cc(O)ccc45)c(C(=O)O)c3)c3ccccc13)C2,,5.20066,0
576,53321868,O=C1c2cccc3c2c(nn3-c2ccc(F)cc2)CN1[C@H]1CN2CCC1CC2,,7.6307800000000015,1
577,CHEMBL2205362,COc1cc2oc(C(=O)N(CCCN3CCCCC3)c3ccccc3)c(C)c2cc1OC,,5.25,0
578,72698087,Fc1cccc2c1nc(OCC1CCN(CCC(F)(F)F)CC1)c1cccnc12,,5.92082,0
579,76313437,C[C@@H]1COCCN1c1nc2c(C(=O)NC3C[C@@H]4CCC[C@H](C3)N4C)cccc2o1,,7.03339,1
580,76316932,CN1[C@H]2CCC[C@@H]1CC(NC(=O)c1nn(CCCCNC(=S)Nc3ccc(-c4c5ccc(=O)cc-5oc5cc(O)ccc45)c(C(=O)O)c3)c3ccccc13)C2,,8.95861,1
581,CHEMBL2011470,Cc1c(N2CCN(C)CC2)nc2ccccc2c1C(=O)NCCCCCCCNC(=O)c1c(C)c(N2CCN(C)CC2)nc2ccccc12,,8.57,1
582,CHEMBL466446,CS(=O)(O)=NC(=O)CN1CCN(c2nc3cc(F)ccc3n3cccc23)CC1,,6.61,0
583,52945520,Nc1nc2c(C(=O)N[C@@H]3CN4CCC3CC4)cccc2o1,,7.860119999999998,1
584,CHEMBL2169964,CN1CCN(c2nc(O)c3ccccc3n2)CC1,,7.33,1
585,CHEMBL378471,O=C(N[C@H]1CN2CCC1CC2)c1ccc2occc2c1,,6.24,0
586,CHEMBL123137,CN1CCN(c2cnc3ccccc3n2)CC1,,8.33,1
587,62705129,CN1C(=N)N(C)/C(=C/c2c[nH]c3cccc(Br)c23)C1=O,,6.1831,0
588,44157941,Oc1nc(CN2CCN(c3nc4cc(F)ccc4n4cccc34)CC2)n[nH]1,,7.76955,1
589,CHEMBL716,OCCOCCN1CCN(C2=Nc3ccccc3Sc3ccccc32)CC1,,6.0,0
590,24995996,Cn1ncc(-c2ccc(OCCCN3CCCCCC3)cc2)cc1=O,,7.875755000000001,1
591,5362436,CCCCC/N=C(\N)NN=Cc1c[nH]c2ccc(OC)cc12,,5.6,0
592,CHEMBL203627,CN(C)Cc1c2n(c3ccccc13)Cc1c(CN(C)C)c3ccccc3n1C2,,4.0,0
593,CHEMBL85,CC1=NC2=CCCCN2C(=O)C1CCN1CCC(c2noc3cc(F)ccc23)CC1,,6.0,0
594,CHEMBL471663,CCCCN1CCC(COc2nc3ccsc3n3cccc23)CC1,,5.0,0
595,CHEMBL2179862,O=C(N[C@@H]1C2CCN(CC2)[C@H]1Cc1cccnc1)c1cc2ccccc2cn1,,4.81,0
596,CHEMBL2205052,COc1ccc(Sc2ccccc2N2CCNCC2)cc1OC,,7.07,1
597,CHEMBL2402887,CS(=O)(=O)N1CCN(CC(O)CN2CCC(CNC(=O)c3cccc4[nH]cnc34)CC2)CC1,,4.3,0
598,CHEMBL608726,Cc1cnc2nc(N3CCN4CCC3CC4)oc2c1,,5.47,0
599,CHEMBL231047,C[N+]12CCC34c5ccccc5N5C=C6[C@H]7C[C@H]8[C@@]9(CC[N+]8(C)C/C7=C/CO)c7ccccc7N(C=C([C@@H](C[C@@H]31)/C(=C\CO)C2)[C@H]54)[C@@H]69,,4.0,0
